Type, Car, Rating, MPG, Horsepower, MinPrice, MaxPrice, MarketPrice, ImageLink, 
suv, 2020 Volvo XC40, 4.7, 27, 187, 34695, 43445, 31551, https://file.kbb.com/kbb/vehicleimage/evoxseo/cp/l/12737/2019-volvo-xc40-side_12737_001_640x480_711.png?interpolation=high-quality&crop=1.0xw:0.90xh;left,top&downsize=200:*
suv, 2020 Subaru Crosstrek, 4.6, 25, 152, 23155, 36155, 22180, https://file.kbb.com/kbb/vehicleimage/evoxseo/cp/l/13994/2020-subaru-crosstrek-side_13994_001_640x480_k1x.png?interpolation=high-quality&crop=1.0xw:0.90xh;left,top&downsize=200:*
suv, 2020 Honda HR-V, 4.6, 30, 141, 21940, 30010, 25713, https://file.kbb.com/kbb/vehicleimage/evoxseo/cp/l/13589/2019-honda-hr-v-side_13589_001_640x480_wx.png?interpolation=high-quality&crop=1.0xw:0.90xh;left,top&downsize=200:*
suv, 2020 Hyundai Kona, 4.5, 28, 147, 21420, 29070, 24953, https://file.kbb.com/kbb/vehicleimage/evoxseo/cp/l/12686/2018-hyundai-kona-side_12686_001_640x480_p6w.png?interpolation=high-quality&crop=1.0xw:0.90xh;left,top&downsize=200:*
suv, 2020 Hyundai Kona Electric, 4.5, 120, 201, 38310, 46520, 41546, https://file.kbb.com/kbb/vehicleimage/evoxseo/cp/l/13530/2019-hyundai-kona%20ev-side_13530_001_640x480_p6w.png?interpolation=high-quality&crop=1.0xw:0.90xh;left,top&downsize=200:*
suv, 2020 Toyota C-HR, 4.4, 29, 144, 22415, 27470, 23039, https://file.kbb.com/kbb/vehicleimage/evoxseo/cp/l/14246/2020-toyota-c-hr-side_14246_001_640x480_1k0.png?interpolation=high-quality&crop=1.0xw:0.90xh;left,top&downsize=200:*
suv, 2020 Ford EcoSport, 3.9, 25, 166, 21090, 28475, 24951, https://file.kbb.com/kbb/vehicleimage/evoxseo/cp/l/12570/2018-ford-ecosport-side_12570_001_640x480_za.png?interpolation=high-quality&crop=1.0xw:0.90xh;left,top&downsize=200:*
suv, 2020 Buick Encore, 3.9, 26, 138, 24195, 30295, 30297, https://file.kbb.com/kbb/vehicleimage/evoxseo/cp/l/12950/2019-buick-encore-side_12950_001_640x480_gaz.png?interpolation=high-quality&crop=1.0xw:0.90xh;left,top&downsize=200:*
suv, 2020 Chevrolet Trax, 3.9, 26, 138, 22295, 28595, 22402, https://file.kbb.com/kbb/images/icons/no-image-te/640x480.png?interpolation=high-quality&downsize=200:*
suv, 2020 Mitsubishi Outlander Sport, 3.1, 27, 148, 23935, 27025, 23759, https://file.kbb.com/kbb/vehicleimage/evoxseo/cp/l/14067/2020-mitsubishi-outlander%20sport-side_14067_001_640x480_w13.png?interpolation=high-quality&crop=1.0xw:0.90xh;left,top&downsize=200:*
suv, 2020 Honda CR-V, 4.8, 30, 190, 26170, 34370, 27048, https://file.kbb.com/kbb/vehicleimage/evoxseo/cp/l/14317/2020-honda-cr-v-side_14317_001_640x480_wx.png?interpolation=high-quality&crop=1.0xw:0.90xh;left,top&downsize=200:*
suv, 2020 Toyota RAV4, 4.8, 28, 203, 27070, 36400, 30395, https://file.kbb.com/kbb/vehicleimage/evoxseo/cp/l/13427/2019-toyota-rav4-side_13427_001_640x480_040.png?interpolation=high-quality&crop=1.0xw:0.90xh;left,top&downsize=200:*
suv, 2020 Toyota RAV4 Hybrid, 4.8, 40, 118, 29470, 38000, 34183, https://file.kbb.com/kbb/vehicleimage/evoxseo/cp/l/14077/2020-toyota-rav4%20hybrid-side_14077_001_640x480_1d6.png?interpolation=high-quality&crop=1.0xw:0.90xh;left,top&downsize=200:*
suv, 2020 Audi Q5, 4.7, 24, 248, 44295, 54695, 50828, https://file.kbb.com/kbb/vehicleimage/evoxseo/cp/l/14210/2020-audi-q5-side_14210_001_640x480_t9.png?interpolation=high-quality&crop=1.0xw:0.90xh;left,top&downsize=200:*
suv, 2020 MAZDA CX-5, 4.6, 26, 187, 26290, 38255, 31372, https://file.kbb.com/kbb/vehicleimage/evoxseo/cp/l/14205/2020-mazda-cx-5-side_14205_001_640x480_25d.png?interpolation=high-quality&crop=1.0xw:0.90xh;left,top&downsize=200:*
suv, 2020 Subaru Forester, 4.6, 29, 182, 25505, 35605, 28486, https://file.kbb.com/kbb/vehicleimage/evoxseo/cp/l/12664/2019-subaru-forester-side_12664_001_640x480_k1x.png?interpolation=high-quality&crop=1.0xw:0.90xh;left,top&downsize=200:*
suv, 2020 Acura RDX, 4.6, 24, 272, 38825, 48925, 43630, https://file.kbb.com/kbb/vehicleimage/evoxseo/cp/l/12875/2019-acura-rdx-side_12875_001_640x480_wa.png?interpolation=high-quality&crop=1.0xw:0.90xh;left,top&downsize=200:*
suv, 2020 Mercedes-Benz GLC, 4.6, 24, 255, 43495, 45495, 43233, https://file.kbb.com/kbb/vehicleimage/evoxseo/cp/l/13890/2020-mercedes-benz-glc-class-side_13890_001_640x480_799.png?interpolation=high-quality&crop=1.0xw:0.90xh;left,top&downsize=200:*
suv, 2020 Kia Sportage, 4.4, 21, 237, 25110, 34710, 34247, https://file.kbb.com/kbb/vehicleimage/evoxseo/cp/l/13729/2020-kia-sportage-side_13729_001_640x480_swp.png?interpolation=high-quality&crop=1.0xw:0.90xh;left,top&downsize=200:*
suv, 2020 Jeep Wrangler, 4.4, 20, 270, 29790, 44945, 28088, https://file.kbb.com/kbb/vehicleimage/evoxseo/cp/l/12873/2018-jeep-wrangler-side_12873_001_640x480_pw7.png?interpolation=high-quality&crop=1.0xw:0.90xh;left,top&downsize=200:*
suv, 2020 Kia Telluride, 4.8, 23, 291, 54695, 62145, 52075, https://file.kbb.com/kbb/vehicleimage/evoxseo/cp/l/13535/2020-mercedes-benz-gle-class-side_13535_001_640x480_149.png?interpolation=high-quality&crop=1.0xw:0.90xh;left,top&downsize=200:*
suv, 2020 Mercedes-Benz GLE, 4.8, 22, 255, 45525, 63745, 39024, https://file.kbb.com/kbb/vehicleimage/evoxseo/cp/l/12361/2018-acura-mdx-side_12361_001_640x480_wa.png?interpolation=high-quality&crop=1.0xw:0.90xh;left,top&downsize=200:*
suv, 2020 Hyundai Palisade, 4.7, 22, 291, 49345, 74295, 57211, https://file.kbb.com/kbb/vehicleimage/evoxseo/cp/l/13754/2020-volvo-xc90-side_13754_001_640x480_707.png?interpolation=high-quality&crop=1.0xw:0.90xh;left,top&downsize=200:*
suv, 2020 Honda Pilot, 4.7, 23, 280, 41195, 54995, 51739, https://file.kbb.com/kbb/vehicleimage/evoxseo/cp/l/14072/2020-buick-enclave-side_14072_001_640x480_g1w.png?interpolation=high-quality&crop=1.0xw:0.90xh;left,top&downsize=200:*
suv, 2020 Hyundai Santa Fe, 4.6, 23, 235, 45175, 51575, 45324, https://file.kbb.com/kbb/vehicleimage/evoxseo/cp/l/13980/2020-lexus-rx-side_13980_001_640x480_085.png?interpolation=high-quality&crop=1.0xw:0.90xh;left,top&downsize=200:*
suv, 2020 Acura MDX, 4.6, 23, 290, 52195, 88895, 54140, https://file.kbb.com/kbb/images/icons/no-image-te/640x480.png?interpolation=high-quality&downsize=200:*
suv, 2020 Volvo XC90, 4.6, 21, 316, 53325, 70225, 64411, https://file.kbb.com/kbb/vehicleimage/evoxseo/cp/l/12080/2017-land%20rover-discovery-side_12080_001_640x480_1aa.png?interpolation=high-quality&crop=1.0xw:0.90xh;left,top&downsize=200:*
suv, 2020 Porsche Cayenne, 4.5, 22, 335, 54025, 65290, 50070, https://file.kbb.com/kbb/vehicleimage/evoxseo/cp/l/14065/2020-lexus-gx-side_14065_001_640x480_1j7.png?interpolation=high-quality&crop=1.0xw:0.90xh;left,top&downsize=200:*
suv, 2020 Buick Enclave, 4.5, 21, 310, 86740, 89070, 79705, https://file.kbb.com/kbb/vehicleimage/evoxseo/cp/l/11710/2017-toyota-land%20cruiser-side_11710_001_640x480_1f7.png?interpolation=high-quality&crop=1.0xw:0.90xh;left,top&downsize=200:*
suv, 2020 Ford Expedition, 4.7, 19, 375, 60055, 76555, 54397, https://file.kbb.com/kbb/vehicleimage/evoxseo/cp/l/13155/2019-bmw-x5-side_13155_001_640x480_300.png?interpolation=high-quality&crop=1.0xw:0.90xh;left,top&downsize=200:*
suv, 2020 Ford Expedition MAX, 4.7, 19, 375, 29470, 38000, 34183, https://file.kbb.com/kbb/vehicleimage/evoxseo/cp/l/14077/2020-toyota-rav4%20hybrid-side_14077_001_640x480_1d6.png?interpolation=high-quality&crop=1.0xw:0.90xh;left,top&downsize=200:*
suv, 2020 Chevrolet Tahoe, 4.5, 18, 355, 23155, 36155, 35048, https://file.kbb.com/kbb/vehicleimage/evoxseo/cp/l/14213/2020-subaru-crosstrek%20hybrid-side_14213_001_640x480_k1x.png?interpolation=high-quality&crop=1.0xw:0.90xh;left,top&downsize=200:*
suv, 2020 Chevrolet Suburban, 4.3, 18, 355, 49345, 74295, 61597, https://file.kbb.com/kbb/vehicleimage/evoxseo/cp/l/13754/2020-volvo-xc90-side_13754_001_640x480_707.png?interpolation=high-quality&crop=1.0xw:0.90xh;left,top&downsize=200:*
suv, 2020 GMC Yukon, 4.3, 17, 355, 68150, 163250, 77404, https://file.kbb.com/kbb/vehicleimage/evoxseo/cp/l/13963/2019-porsche-cayenne-side_13963_001_640x480_2y.png?interpolation=high-quality&crop=1.0xw:0.90xh;left,top&downsize=200:*
suv, 2020 GMC Yukon XL, 4.3, 16, 355, 38310, 46520, 41546, https://file.kbb.com/kbb/vehicleimage/evoxseo/cp/l/13530/2019-hyundai-kona%20ev-side_13530_001_640x480_p6w.png?interpolation=high-quality&crop=1.0xw:0.90xh;left,top&downsize=200:*
suv, 2020 Toyota Sequoia, 3.8, 15, 381, 45175, 51575, 44325, https://file.kbb.com/kbb/vehicleimage/evoxseo/cp/l/13974/2020-lexus-rx%20hybrid-side_13974_001_640x480_085.png?interpolation=high-quality&crop=1.0xw:0.90xh;left,top&downsize=200:*
suv, 2020 Toyota Land Cruiser, 3.2, 14, 381, 37895, 47385, /A, https://file.kbb.com/kbb/vehicleimage/evoxseo/cp/l/13784/2020-lexus-nx%20hybrid-side_13784_001_640x480_085.png?interpolation=high-quality&crop=1.0xw:0.90xh;left,top&downsize=200:*
suv, 2019 Nissan Armada, 4.1, 15, 390, 26080, 37880, 27415, https://file.kbb.com/kbb/vehicleimage/evoxseo/cp/l/13978/2020-ford-escape-side_13978_001_640x480_az.png?interpolation=high-quality&crop=1.0xw:0.90xh;left,top&downsize=200:*
suv, 2019 Mercedes-Benz GLS, 3.4, 16, 449, 52195, 88895, 84841, https://file.kbb.com/kbb/images/icons/no-image-te/640x480.png?interpolation=high-quality&downsize=200:*
suv, 2020 Subaru Ascent, 4.5, 23, 260, 68150, 163250, 77404, https://file.kbb.com/kbb/vehicleimage/evoxseo/cp/l/13963/2019-porsche-cayenne-side_13963_001_640x480_2y.png?interpolation=high-quality&crop=1.0xw:0.90xh;left,top&downsize=200:*
suv, 2019 BMW X2, 4.6, 26, 228, 54695, 62145, 52075, https://file.kbb.com/kbb/vehicleimage/evoxseo/cp/l/13535/2020-mercedes-benz-gle-class-side_13535_001_640x480_149.png?interpolation=high-quality&crop=1.0xw:0.90xh;left,top&downsize=200:*
suv, 2019 BMW X1, 4.5, 25, 228, 32895, 46045, 33841, https://file.kbb.com/kbb/vehicleimage/evoxseo/cp/l/13735/2020-hyundai-palisade-side_13735_001_640x480_ww2.png?interpolation=high-quality&crop=1.0xw:0.90xh;left,top&downsize=200:*
suv, 2019 INFINITI QX30, 4.4, 27, 208, 54205, 75330, 51684, https://file.kbb.com/kbb/images/icons/no-image-te/640x480.png?interpolation=high-quality&downsize=200:*
suv, 2019 Mercedes-Benz GLA, 4.3, 26, 208, 57230, 78360, 54025, https://file.kbb.com/kbb/vehicleimage/evoxseo/cp/l/14352/2020-ford-expedition%20max-side_14352_001_640x480_az.png?interpolation=high-quality&crop=1.0xw:0.90xh;left,top&downsize=200:*
suv, 2019 Mercedes-Benz Mercedes-AMG GLA, 4.3, 25, 375, 32770, 50840, 39924, https://file.kbb.com/kbb/vehicleimage/evoxseo/cp/l/12984/2019-honda-pilot-side_12984_001_640x480_wb.png?interpolation=high-quality&crop=1.0xw:0.90xh;left,top&downsize=200:*
suv, 2020 INFINITI QX50, 4.4, 25, 268, 33005, 46055, 34763, https://file.kbb.com/kbb/vehicleimage/evoxseo/cp/l/12901/2019-subaru-ascent-side_12901_001_640x480_k1x.png?interpolation=high-quality&crop=1.0xw:0.90xh;left,top&downsize=200:*
suv, 2020 Lexus NX, 4.4, 24, 235, 33060, 42960, 34783, https://file.kbb.com/kbb/vehicleimage/evoxseo/cp/l/13795/2020-kia-telluride-side_13795_001_640x480_swp.png?interpolation=high-quality&crop=1.0xw:0.90xh;left,top&downsize=200:*
suv, 2020 BMW X3, 4.4, 27, 248, 26170, 34370, 28462, https://file.kbb.com/kbb/vehicleimage/evoxseo/cp/l/14317/2020-honda-cr-v-side_14317_001_640x480_wx.png?interpolation=high-quality&crop=1.0xw:0.90xh;left,top&downsize=200:*
suv, 2020 Cadillac XT4, 4.3, 26, 237, 27070, 36400, 30395, https://file.kbb.com/kbb/vehicleimage/evoxseo/cp/l/13427/2019-toyota-rav4-side_13427_001_640x480_040.png?interpolation=high-quality&crop=1.0xw:0.90xh;left,top&downsize=200:*
suv, 2020 Lincoln Corsair, 4.2, 24, 250, 29470, 38000, 34183, https://file.kbb.com/kbb/vehicleimage/evoxseo/cp/l/14077/2020-toyota-rav4%20hybrid-side_14077_001_640x480_1d6.png?interpolation=high-quality&crop=1.0xw:0.90xh;left,top&downsize=200:*
suv, 2020 Porsche Macan, 4.2, 21, 248, 54695, 62145, 60802, https://file.kbb.com/kbb/vehicleimage/evoxseo/cp/l/14280/2020-mercedes-benz-gle-class-side_14280_001_640x480_149.png?interpolation=high-quality&crop=1.0xw:0.90xh;left,top&downsize=200:*
suv, 2020 Land Rover Range Rover Evoque, 4.2, 23, 246, 34695, 43445, 40076, https://file.kbb.com/kbb/vehicleimage/evoxseo/cp/l/12866/2019-volvo-xc40-side_12866_001_640x480_707.png?interpolation=high-quality&crop=1.0xw:0.90xh;left,top&downsize=200:*
suv, 2020 Lexus RX, 4.5, 30, 308, 24195, 30295, 30297, https://file.kbb.com/kbb/vehicleimage/evoxseo/cp/l/12950/2019-buick-encore-side_12950_001_640x480_gaz.png?interpolation=high-quality&crop=1.0xw:0.90xh;left,top&downsize=200:*
suv, 2020 INFINITI QX60, 4.2, 22, 295, 37395, 47445, 34309, https://file.kbb.com/kbb/vehicleimage/evoxseo/cp/l/12703/2018-bmw-x2-side_12703_001_640x480_300.png?interpolation=high-quality&crop=1.0xw:0.90xh;left,top&downsize=200:*
suv, 2020 Land Rover Range Rover Velar, 4.2, 22, 340, 35945, 37945, 34526, https://file.kbb.com/kbb/vehicleimage/evoxseo/cp/l/13532/2019-bmw-x1-side_13532_001_640x480_300.png?interpolation=high-quality&crop=1.0xw:0.90xh;left,top&downsize=200:*
suv, 2020 Land Rover Discovery, 3.9, 18, 340, 31175, 41125, 28604, https://file.kbb.com/kbb/images/icons/no-image-te/640x480.png?interpolation=high-quality&downsize=200:*
suv, 2019 Mercedes-Benz Mercedes-AMG GLS, 3.4, 15, 577, 33325, 40725, 31322, https://file.kbb.com/kbb/vehicleimage/evoxseo/cp/l/13284/2019-lexus-ux-side_13284_001_640x480_085.png?interpolation=high-quality&crop=1.0xw:0.90xh;left,top&downsize=200:*
suv, 2020 Lexus GX, 3.7, 16, 301, 37895, 47385, 36351, https://file.kbb.com/kbb/vehicleimage/evoxseo/cp/l/13730/2020-lexus-nx-side_13730_001_640x480_085.png?interpolation=high-quality&crop=1.0xw:0.90xh;left,top&downsize=200:*
suv, 2019 BMW X5, 4.8, 22, 335, 36690, 40790, 34906, https://file.kbb.com/kbb/vehicleimage/evoxseo/cp/l/13141/2019-cadillac-xt4-side_13141_001_640x480_g1w.png?interpolation=high-quality&crop=1.0xw:0.90xh;left,top&downsize=200:*
suv, 2020 Ford Escape, 4.3, 41, 163, 41195, 54995, 51739, https://file.kbb.com/kbb/vehicleimage/evoxseo/cp/l/14072/2020-buick-enclave-side_14072_001_640x480_g1w.png?interpolation=high-quality&crop=1.0xw:0.90xh;left,top&downsize=200:*
sedan, 2020 Hyundai Accent, 4.3, 36, 120, 16250, 20355, 18746, https://file.kbb.com/kbb/vehicleimage/evoxseo/cp/l/13297/2019-hyundai-accent-side_13297_001_640x480_swp.png?interpolation=high-quality&crop=1.0xw:0.90xh;left,top&downsize=200:*
sedan, 2020 Kia Rio, 4.3, 36, 120, 16815, 17455, 16348, https://file.kbb.com/kbb/vehicleimage/evoxseo/cp/l/13290/2019-kia-rio-side_13290_001_640x480_abp.png?interpolation=high-quality&crop=1.0xw:0.90xh;left,top&downsize=200:*
sedan, 2020 Toyota Yaris, 3.5, 35, 106, 16605, 19705, 17375, https://file.kbb.com/kbb/vehicleimage/evoxseo/cp/l/13054/2019-toyota-yaris-side_13054_001_640x480_a4d.png?interpolation=high-quality&crop=1.0xw:0.90xh;left,top&downsize=200:*
sedan, 2019 Chevrolet Sonic, 4.3, 31, 138, 16295, 20895, 15190, https://file.kbb.com/kbb/images/icons/no-image-te/640x480.png?interpolation=high-quality&downsize=200:*
sedan, 2019 Ford Fiesta, 4.2, 30, 120, 15235, 16465, 14037, https://file.kbb.com/kbb/images/icons/no-image-te/640x480.png?interpolation=high-quality&downsize=200:*
sedan, 2019 Nissan Versa, 3.7, 34, 109, 13385, 17015, 15532, https://file.kbb.com/kbb/vehicleimage/evoxseo/cp/l/13279/2019-nissan-versa-side_13279_001_640x480_k23.png?interpolation=high-quality&crop=1.0xw:0.90xh;left,top&downsize=200:*
sedan, 2019 Mitsubishi Mirage G4, 3, 35, 78, 15925, 18625, 14230, https://file.kbb.com/kbb/vehicleimage/evoxseo/cp/l/12387/2018-mitsubishi-mirage%20g4-side_12387_001_640x480_w54.png?interpolation=high-quality&crop=1.0xw:0.90xh;left,top&downsize=200:*
sedan, 2020 BMW 3 Series, 4.6, 25, 382, 41745, 56995, 50083, https://file.kbb.com/kbb/vehicleimage/evoxseo/cp/l/13651/2020-bmw-3-series-side_13651_001_640x480_300.png?interpolation=high-quality&crop=1.0xw:0.90xh;left,top&downsize=200:*
sedan, 2020 Honda Civic, 4.6, 33, 158, 20805, 28655, 24958, https://file.kbb.com/kbb/vehicleimage/evoxseo/cp/l/13996/2020-honda-civic-side_13996_001_640x480_wy.png?interpolation=high-quality&crop=1.0xw:0.90xh;left,top&downsize=200:*
sedan, 2020 Toyota Corolla, 4.6, 32, 169, 52090, 86035, 81217, https://file.kbb.com/kbb/vehicleimage/evoxseo/cp/l/14294/2020-lexus-gs%20f-side_14294_001_640x480_083.png?interpolation=high-quality&crop=1.0xw:0.90xh;left,top&downsize=200:*
sedan, 2020 Toyota Corolla Hybrid, 4.6, 52, 121, 28395, 42595, 40397, https://file.kbb.com/kbb/vehicleimage/evoxseo/cp/l/13697/2020-subaru-wrx-side_13697_001_640x480_k1x.png?interpolation=high-quality&crop=1.0xw:0.90xh;left,top&downsize=200:*
sedan, 2020 Kia Forte, 4.5, 31, 147, 31390, 73303, 39324, https://file.kbb.com/kbb/vehicleimage/evoxseo/cp/l/14278/2020-dodge-charger-side_14278_001_640x480_pw7.png?interpolation=high-quality&crop=1.0xw:0.90xh;left,top&downsize=200:*
sedan, 2020 Lexus IS, 4.5, 21, 311, 75195, 75195, 67690, https://file.kbb.com/kbb/vehicleimage/evoxseo/cp/l/13351/2019-audi-rs%205%20sportback-side_13351_001_640x480_2y.png?interpolation=high-quality&crop=1.0xw:0.90xh;left,top&downsize=200:*
sedan, 2020 Hyundai Elantra, 4.5, 34, 147, 53395, 61495, 54626, https://file.kbb.com/kbb/vehicleimage/evoxseo/cp/l/12034/2018-audi-s5%20sportback-side_12034_001_640x480_2y.png?interpolation=high-quality&crop=1.0xw:0.90xh;left,top&downsize=200:*
sedan, 2020 MAZDA MAZDA3, 4.4, 30, 186, 51195, 58795, 51827, https://file.kbb.com/kbb/vehicleimage/evoxseo/cp/l/13374/2019-audi-s4-side_13374_001_640x480_2y.png?interpolation=high-quality&crop=1.0xw:0.90xh;left,top&downsize=200:*
sedan, 2020 Acura ILX, 4.4, 28, 201, 73475, 107275, 95850, https://file.kbb.com/kbb/vehicleimage/evoxseo/cp/l/13514/2019-mercedes-benz-e-class-side_13514_001_640x480_149.png?interpolation=high-quality&crop=1.0xw:0.90xh;left,top&downsize=200:*
sedan, 2020 Subaru WRX, 4.3, 19, 310, 56245, 75595, 62541, https://file.kbb.com/kbb/vehicleimage/evoxseo/cp/l/13418/2019-mercedes-benz-c-class-side_13418_001_640x480_149.png?interpolation=high-quality&crop=1.0xw:0.90xh;left,top&downsize=200:*
sedan, 2020 Honda Accord, 4.8, 33, 192, 351000, 351000, /A, https://file.kbb.com/kbb/images/icons/no-image-te/640x480.png?interpolation=high-quality&downsize=200:*
sedan, 2020 Honda Accord Hybrid, 4.8, 48, 143, 497525, 497525, /A, https://file.kbb.com/kbb/images/icons/no-image-te/640x480.png?interpolation=high-quality&downsize=200:*
sedan, 2020 Lexus ES, 4.8, 26, 302, 108460, 140770, 121590, https://file.kbb.com/kbb/vehicleimage/evoxseo/cp/l/12635/2018-maserati-quattroporte-side_12635_001_640x480_bam.png?interpolation=high-quality&crop=1.0xw:0.90xh;left,top&downsize=200:*
sedan, 2020 Mercedes-Benz E-Class, 4.7, 26, 255, 310395, 341325, 310395, https://file.kbb.com/kbb/images/icons/no-image-te/640x480.png?interpolation=high-quality&downsize=200:*
sedan, 2020 Toyota Camry, 4.6, 25, 301, 26575, 36245, 30060, https://file.kbb.com/kbb/vehicleimage/evoxseo/cp/l/14176/2020-honda-accord%20hybrid-side_14176_001_640x480_wx.png?interpolation=high-quality&crop=1.0xw:0.90xh;left,top&downsize=200:*
sedan, 2020 Toyota Camry Hybrid, 4.6, 46, 176, 40925, 46685, 39596, https://file.kbb.com/kbb/vehicleimage/evoxseo/cp/l/13981/2020-lexus-es%20hybrid-side_13981_001_640x480_085.png?interpolation=high-quality&crop=1.0xw:0.90xh;left,top&downsize=200:*
sedan, 2020 Hyundai Sonata, 4.6, 31, 180, 23905, 23905, 22207, https://file.kbb.com/kbb/vehicleimage/evoxseo/cp/l/13478/2020-toyota-corolla%20hybrid-side_13478_001_640x480_040.png?interpolation=high-quality&crop=1.0xw:0.90xh;left,top&downsize=200:*
sedan, 2020 INFINITI Q50, 4.5, 23, 300, 29385, 33685, 31610, https://file.kbb.com/kbb/vehicleimage/evoxseo/cp/l/12654/2018-toyota-camry%20hybrid-side_12654_001_640x480_040.png?interpolation=high-quality&crop=1.0xw:0.90xh;left,top&downsize=200:*
sedan, 2020 Lexus GS, 4.4, 23, 311, 30235, 30235, 27707, https://file.kbb.com/kbb/vehicleimage/evoxseo/cp/l/13704/2020-kia-optima%20hybrid-side_13704_001_640x480_swp.png?interpolation=high-quality&crop=1.0xw:0.90xh;left,top&downsize=200:*
sedan, 2020 Nissan Maxima, 3.9, 24, 300, 37150, 37150, 34809, https://file.kbb.com/kbb/vehicleimage/evoxseo/cp/l/13714/2020-kia-optima%20plug-in%20hybrid-side_13714_001_640x480_swp.png?interpolation=high-quality&crop=1.0xw:0.90xh;left,top&downsize=200:*
sedan, 2020 Dodge Charger, 3.7, 23, 300, 24165, 35590, 30667, https://file.kbb.com/kbb/images/icons/no-image-te/640x480.png?interpolation=high-quality&downsize=200:*
sedan, 2019 Chevrolet Impala, 4.5, 22, 197, 36200, 60700, 45200, https://file.kbb.com/kbb/vehicleimage/evoxseo/cp/l/12659/2017-tesla-model%203-side_12659_001_640x480_ppsw.png?interpolation=high-quality&crop=1.0xw:0.90xh;left,top&downsize=200:*
sedan, 2019 Genesis G80, 4.4, 21, 311, 37575, 37575, 37255, https://file.kbb.com/kbb/vehicleimage/evoxseo/cp/l/12390/2017-honda-clarity%20electric-side_12390_001_640x480_wa.png?interpolation=high-quality&crop=1.0xw:0.90xh;left,top&downsize=200:*
sedan, 2019 Kia Stinger, 4.4, 24, 255, 34355, 37555, 30064, https://file.kbb.com/kbb/vehicleimage/evoxseo/cp/l/13441/2019-honda-clarity%20plug-in%20hybrid-side_13441_001_640x480_wx.png?interpolation=high-quality&crop=1.0xw:0.90xh;left,top&downsize=200:*
sedan, 2019 Kia Cadenza, 4, 23, 290, 55045, 62545, 58360, https://file.kbb.com/kbb/vehicleimage/evoxseo/cp/l/13223/2019-mercedes-benz-e-class-side_13223_001_640x480_799.png?interpolation=high-quality&crop=1.0xw:0.90xh;left,top&downsize=200:*
sedan, 2019 Acura RLX Sport Hybrid, 4, 28, 310, 41745, 56995, 52731, https://file.kbb.com/kbb/vehicleimage/evoxseo/cp/l/13651/2020-bmw-3-series-side_13651_001_640x480_300.png?interpolation=high-quality&crop=1.0xw:0.90xh;left,top&downsize=200:*
sedan, 2019 Chrysler 300, 4, 23, 292, 39585, 46400, 41971, https://file.kbb.com/kbb/vehicleimage/evoxseo/cp/l/12458/2018-lexus-is-side_12458_001_640x480_085.png?interpolation=high-quality&crop=1.0xw:0.90xh;left,top&downsize=200:*
sedan, 2019 Acura RLX, 4, 23, 310, 37425, 55275, 36958, https://file.kbb.com/kbb/vehicleimage/evoxseo/cp/l/13992/2020-infiniti-q50-side_13992_001_640x480_qaw.png?interpolation=high-quality&crop=1.0xw:0.90xh;left,top&downsize=200:*
sedan, 2019 Buick LaCrosse, 3.9, 24, 310, 22445, 27445, 25238, https://file.kbb.com/kbb/vehicleimage/evoxseo/cp/l/13533/2019-mazda-mazda3-side_13533_001_640x480_25d.png?interpolation=high-quality&crop=1.0xw:0.90xh;left,top&downsize=200:*
sedan, 2019 Audi RS 5, 4.8, 20, 444, 28395, 42595, 40397, https://file.kbb.com/kbb/vehicleimage/evoxseo/cp/l/13697/2020-subaru-wrx-side_13697_001_640x480_k1x.png?interpolation=high-quality&crop=1.0xw:0.90xh;left,top&downsize=200:*
sedan, 2019 Audi S5, 4.8, 24, 349, 33995, 50945, 40459, https://file.kbb.com/kbb/vehicleimage/evoxseo/cp/l/12081/2018-acura-tlx-side_12081_001_640x480_wv.png?interpolation=high-quality&crop=1.0xw:0.90xh;left,top&downsize=200:*
sedan, 2019 Audi A5, 4.8, 27, 248, 41745, 56995, 50083, https://file.kbb.com/kbb/vehicleimage/evoxseo/cp/l/13651/2020-bmw-3-series-side_13651_001_640x480_300.png?interpolation=high-quality&crop=1.0xw:0.90xh;left,top&downsize=200:*
sedan, 2019 Genesis G70, 4.7, 21, 365, 20805, 28655, 19772, https://file.kbb.com/kbb/vehicleimage/evoxseo/cp/l/13528/2019-honda-civic-side_13528_001_640x480_wy.png?interpolation=high-quality&crop=1.0xw:0.90xh;left,top&downsize=200:*
sedan, 2019 Audi S4, 4.7, 24, 349, 20555, 26505, 21595, https://file.kbb.com/kbb/vehicleimage/evoxseo/cp/l/13488/2020-toyota-corolla-side_13488_001_640x480_040.png?interpolation=high-quality&crop=1.0xw:0.90xh;left,top&downsize=200:*
sedan, 2019 Audi A4, 4.7, 30, 188, 23905, 23905, 22207, https://file.kbb.com/kbb/vehicleimage/evoxseo/cp/l/13478/2020-toyota-corolla%20hybrid-side_13478_001_640x480_040.png?interpolation=high-quality&crop=1.0xw:0.90xh;left,top&downsize=200:*
sedan, 2020 Acura TLX, 4.3, 27, 206, 26895, 32645, 28546, https://file.kbb.com/kbb/vehicleimage/evoxseo/cp/l/13357/2019-acura-ilx-side_13357_001_640x480_wx.png?interpolation=high-quality&crop=1.0xw:0.90xh;left,top&downsize=200:*
sedan, 2020 Cadillac CT5, 4.1, 25, 237, 28395, 42595, 40397, https://file.kbb.com/kbb/vehicleimage/evoxseo/cp/l/13697/2020-subaru-wrx-side_13697_001_640x480_k1x.png?interpolation=high-quality&crop=1.0xw:0.90xh;left,top&downsize=200:*
sedan, 2019 Audi A6, 4.7, 25, 335, 24975, 37205, 25964, https://file.kbb.com/kbb/vehicleimage/evoxseo/cp/l/12415/2018-honda-accord-side_12415_001_640x480_wa.png?interpolation=high-quality&crop=1.0xw:0.90xh;left,top&downsize=200:*
sedan, 2019 Mercedes-Benz Mercedes-AMG E-Class, 4.7, 18, 603, 26575, 36245, 30060, https://file.kbb.com/kbb/vehicleimage/evoxseo/cp/l/14176/2020-honda-accord%20hybrid-side_14176_001_640x480_wx.png?interpolation=high-quality&crop=1.0xw:0.90xh;left,top&downsize=200:*
sedan, 2019 BMW M5, 4.6, 17, 600, 40925, 46685, 37790, https://file.kbb.com/kbb/vehicleimage/evoxseo/cp/l/13039/2019-lexus-es-side_13039_001_640x480_085.png?interpolation=high-quality&crop=1.0xw:0.90xh;left,top&downsize=200:*
sedan, 2019 BMW 5 Series, 4.6, 29, 180, 55045, 62545, 50542, https://file.kbb.com/kbb/vehicleimage/evoxseo/cp/l/13223/2019-mercedes-benz-e-class-side_13223_001_640x480_799.png?interpolation=high-quality&crop=1.0xw:0.90xh;left,top&downsize=200:*
sedan, 2019 Lincoln Continental, 3.8, 19, 305, 23630, 36780, 24345, https://file.kbb.com/kbb/vehicleimage/evoxseo/cp/l/13553/2020-subaru-legacy-side_13553_001_640x480_k1x.png?interpolation=high-quality&crop=1.0xw:0.90xh;left,top&downsize=200:*
sedan, 2019 Cadillac XTS, 3.8, 22, 304, 52090, 86035, 48823, https://file.kbb.com/kbb/images/icons/no-image-te/640x480.png?interpolation=high-quality&downsize=200:*
sedan, 2019 BMW 6 Series, 3.7, 20, 443, 35175, 42565, 39607, https://file.kbb.com/kbb/vehicleimage/evoxseo/cp/l/13450/2019-nissan-maxima-side_13450_001_640x480_qab.png?interpolation=high-quality&crop=1.0xw:0.90xh;left,top&downsize=200:*
sedan, 2019 Mercedes-Benz Mercedes-AMG C-Class, 4.7, 21, 469, 30715, 43190, 31697, https://file.kbb.com/kbb/vehicleimage/evoxseo/cp/l/12223/2018-chrysler-300-side_12223_001_640x480_pw7.png?interpolation=high-quality&crop=1.0xw:0.90xh;left,top&downsize=200:*
sedan, 2019 Audi RS 3, 4.6, 22, 394, 30495, 45795, 42584, https://file.kbb.com/kbb/images/icons/no-image-te/640x480.png?interpolation=high-quality&downsize=200:*
sedan, 2019 Mercedes-Benz Mercedes-AMG CLA, 4.6, 26, 375, 41745, 56995, 50083, https://file.kbb.com/kbb/vehicleimage/evoxseo/cp/l/13651/2020-bmw-3-series-side_13651_001_640x480_300.png?interpolation=high-quality&crop=1.0xw:0.90xh;left,top&downsize=200:*
sedan, 2020 Kia Optima Hybrid, 4.4, 42, 154, 37890, 48690, 40743, https://file.kbb.com/kbb/images/icons/no-image-te/640x480.png?interpolation=high-quality&downsize=200:*
sedan, 2020 Kia Optima Plug-in Hybrid, 4.4, 41, 154, 59895, 68095, 59086, https://file.kbb.com/kbb/vehicleimage/evoxseo/cp/l/13283/2019-audi-a6-side_13283_001_640x480_t9.png?interpolation=high-quality&crop=1.0xw:0.90xh;left,top&downsize=200:*
sedan, 2020 Ford Fusion, 4.1, 42, 141, 73475, 107275, 95850, https://file.kbb.com/kbb/vehicleimage/evoxseo/cp/l/13514/2019-mercedes-benz-e-class-side_13514_001_640x480_149.png?interpolation=high-quality&crop=1.0xw:0.90xh;left,top&downsize=200:*
sedan, 2019 Honda Clarity Electric, 4.7, 114, 161, 104695, 111995, /A, https://file.kbb.com/kbb/vehicleimage/evoxseo/cp/l/13601/2019-bmw-m5-side_13601_001_640x480_300.png?interpolation=high-quality&crop=1.0xw:0.90xh;left,top&downsize=200:*
sedan, 2019 Honda Clarity Plug-in Hybrid, 4.7, 42, 103, 54395, 75445, 48863, https://file.kbb.com/kbb/vehicleimage/evoxseo/cp/l/12994/2019-bmw-5-series-side_12994_001_640x480_a96.png?interpolation=high-quality&crop=1.0xw:0.90xh;left,top&downsize=200:*
sedan, 2020 Nissan Altima, 4.4, 29, 182, 47890, 73990, 62527, https://file.kbb.com/kbb/vehicleimage/evoxseo/cp/l/12939/2019-cadillac-xts-side_12939_001_640x480_g1w.png?interpolation=high-quality&crop=1.0xw:0.90xh;left,top&downsize=200:*
hatchback, 2019 FIAT 500e, 3.5, 112, 111, 34705, 34705, 33486, https://file.kbb.com/kbb/vehicleimage/evoxseo/cp/l/12927/2018-fiat-500e-side_12927_001_640x480_pwh.png?interpolation=high-quality&crop=1.0xw:0.90xh;left,top&downsize=200:*
hatchback, 2019 FIAT 500 Abarth, 3.5, 27, 160, 21990, 21990, 20002, https://file.kbb.com/kbb/vehicleimage/evoxseo/cp/l/12981/2018-fiat-500-side_12981_001_640x480_pwh.png?interpolation=high-quality&crop=1.0xw:0.90xh;left,top&downsize=200:*
hatchback, 2019 FIAT 500, 3.5, 27, 135, 17740, 21240, 15621, https://file.kbb.com/kbb/images/icons/no-image-te/640x480.png?interpolation=high-quality&downsize=200:*
hatchback, 2018 smart fortwo electric drive, 3, 108, 80, 24650, 27490, 21492, https://file.kbb.com/kbb/images/icons/no-image-te/640x480.png?interpolation=high-quality&downsize=200:*
hatchback, 2020 Kia Rio, 4.3, 36, 120, 24650, 27490, /A, https://file.kbb.com/kbb/images/icons/no-image-te/640x480.png?interpolation=high-quality&downsize=200:*
hatchback, 2020 Chevrolet Spark, 3.8, 33, 98, 17755, 17755, 16659, https://file.kbb.com/kbb/vehicleimage/evoxseo/cp/l/13699/2019-kia-rio%205-door-side_13699_001_640x480_abp.png?interpolation=high-quality&crop=1.0xw:0.90xh;left,top&downsize=200:*
hatchback, 2019 Honda Fit, 4.6, 36, 128, 14095, 17495, 13056, https://file.kbb.com/kbb/vehicleimage/evoxseo/cp/l/13232/2019-chevrolet-spark-side_13232_001_640x480_gaz.png?interpolation=high-quality&crop=1.0xw:0.90xh;left,top&downsize=200:*
hatchback, 2019 BMW i3, 4.5, 31, 181, 17145, 22475, 18972, https://file.kbb.com/kbb/vehicleimage/evoxseo/cp/l/12182/2018-honda-fit-side_12182_001_640x480_wb.png?interpolation=high-quality&crop=1.0xw:0.90xh;left,top&downsize=200:*
hatchback, 2019 Chevrolet Sonic, 4.3, 29, 138, 45445, 52495, 47644, https://file.kbb.com/kbb/images/icons/no-image-te/640x480.png?interpolation=high-quality&downsize=200:*
hatchback, 2019 Nissan Versa Note, 4.3, 34, 109, 18895, 20895, 17647, https://file.kbb.com/kbb/images/icons/no-image-te/640x480.png?interpolation=high-quality&downsize=200:*
hatchback, 2019 Ford Fiesta, 4.2, 30, 120, 16545, 19255, 18357, https://file.kbb.com/kbb/vehicleimage/evoxseo/cp/l/13577/2019-nissan-versa%20note-side_13577_001_640x480_qac.png?interpolation=high-quality&crop=1.0xw:0.90xh;left,top&downsize=200:*
hatchback, 2019 Toyota Prius c, 4.1, 46, 73, 16765, 22315, 15492, https://file.kbb.com/kbb/images/icons/no-image-te/640x480.png?interpolation=high-quality&downsize=200:*
hatchback, 2019 Mitsubishi Mirage, 3, 39, 78, 22485, 23910, 21901, https://file.kbb.com/kbb/vehicleimage/evoxseo/cp/l/13042/2019-toyota-prius%20c-side_13042_001_640x480_1f7.png?interpolation=high-quality&crop=1.0xw:0.90xh;left,top&downsize=200:*
hatchback, 2020 Toyota Prius Prime, 4.7, 54, 96, 14925, 18125, 15696, https://file.kbb.com/kbb/vehicleimage/evoxseo/cp/l/12386/2018-mitsubishi-mirage-side_12386_001_640x480_w54.png?interpolation=high-quality&crop=1.0xw:0.90xh;left,top&downsize=200:*
hatchback, 2020 Honda Civic, 4.6, 32, 180, 23995, 26140, /A, https://file.kbb.com/kbb/vehicleimage/evoxseo/cp/l/12767/2018-fiat-500l-side_12767_001_640x480_pw3.png?interpolation=high-quality&crop=1.0xw:0.90xh;left,top&downsize=200:*
hatchback, 2020 MAZDA MAZDA3, 4.4, 27, 186, 28855, 34755, 27585, https://file.kbb.com/kbb/vehicleimage/evoxseo/cp/l/13739/2020-toyota-prius%20prime-side_13739_001_640x480_1f7.png?interpolation=high-quality&crop=1.0xw:0.90xh;left,top&downsize=200:*
hatchback, 2020 Toyota Prius, 4.4, 52, 96, 22705, 29105, 22055, https://file.kbb.com/kbb/vehicleimage/evoxseo/cp/l/13956/2020-honda-civic%20hatchback-side_13956_001_640x480_wx.png?interpolation=high-quality&crop=1.0xw:0.90xh;left,top&downsize=200:*
hatchback, 2019 Honda Civic Type R, 4.7, 25, 306, 24645, 28445, 24854, https://file.kbb.com/kbb/vehicleimage/evoxseo/cp/l/13520/2019-mazda-mazda3-side_13520_001_640x480_25d.png?interpolation=high-quality&crop=1.0xw:0.90xh;left,top&downsize=200:*
hatchback, 2019 Chevrolet Bolt EV, 4.7, 119, 200, 25280, 33455, 27411, https://file.kbb.com/kbb/vehicleimage/evoxseo/cp/l/13973/2020-toyota-prius-side_13973_001_640x480_1f7.png?interpolation=high-quality&crop=1.0xw:0.90xh;left,top&downsize=200:*
hatchback, 2019 Hyundai Elantra GT, 4.5, 27, 161, 37255, 37255, 35563, https://file.kbb.com/kbb/vehicleimage/evoxseo/cp/l/13689/2019-honda-civic%20type%20r-side_13689_001_640x480_wz.png?interpolation=high-quality&crop=1.0xw:0.90xh;left,top&downsize=200:*
hatchback, 2019 Hyundai Ioniq Electric, 4.4, 136, 118, 37495, 41895, 34304, https://file.kbb.com/kbb/vehicleimage/evoxseo/cp/l/13022/2019-chevrolet-bolt%20ev-side_13022_001_640x480_gaz.png?interpolation=high-quality&crop=1.0xw:0.90xh;left,top&downsize=200:*
hatchback, 2019 Hyundai Ioniq Plug-in Hybrid, 4.4, 52, 104, 21380, 24230, 19712, https://file.kbb.com/kbb/vehicleimage/evoxseo/cp/l/12220/2018-hyundai-elantra%20gt-side_12220_001_640x480_waw.png?interpolation=high-quality&crop=1.0xw:0.90xh;left,top&downsize=200:*
hatchback, 2019 Hyundai Ioniq Hybrid, 4.4, 58, 104, 31245, 37745, 36076, https://file.kbb.com/kbb/vehicleimage/evoxseo/cp/l/13229/2019-hyundai-ioniq%20electric-side_13229_001_640x480_waw.png?interpolation=high-quality&crop=1.0xw:0.90xh;left,top&downsize=200:*
hatchback, 2019 Volkswagen Golf R, 4.1, 26, 288, 45445, 52495, 47644, https://file.kbb.com/kbb/images/icons/no-image-te/640x480.png?interpolation=high-quality&downsize=200:*
hatchback, 2019 Volkswagen Golf GTI, 4.1, 27, 228, 304750, 304750, /A, https://file.kbb.com/kbb/images/icons/no-image-te/640x480.png?interpolation=high-quality&downsize=200:*
hatchback, 2019 MINI Hardtop 4 Door, 3.7, 26, 189, 37255, 37255, 35563, https://file.kbb.com/kbb/vehicleimage/evoxseo/cp/l/13689/2019-honda-civic%20type%20r-side_13689_001_640x480_wz.png?interpolation=high-quality&crop=1.0xw:0.90xh;left,top&downsize=200:*
hatchback, 2019 MINI Hardtop 2 Door, 3.7, 26, 228, 16765, 22315, 20964, https://file.kbb.com/kbb/images/icons/no-image-te/640x480.png?interpolation=high-quality&downsize=200:*
luxury, 2020 Volvo XC40, 4.7, 27, 187, 34695, 43445, 31551, https://file.kbb.com/kbb/vehicleimage/evoxseo/cp/l/12737/2019-volvo-xc40-side_12737_001_640x480_711.png?interpolation=high-quality&crop=1.0xw:0.90xh;left,top&downsize=200:*
luxury, 2020 Buick Encore, 3.9, 26, 138, 24195, 30295, 30297, https://file.kbb.com/kbb/vehicleimage/evoxseo/cp/l/12950/2019-buick-encore-side_12950_001_640x480_gaz.png?interpolation=high-quality&crop=1.0xw:0.90xh;left,top&downsize=200:*
luxury, 2019 Porsche 718 Boxster, 4.6, 22, 350, 60250, 84050, 65799, https://file.kbb.com/kbb/vehicleimage/evoxseo/cp/l/11314/2017-porsche-718%20boxster-side_11314_001_640x480_0q.png?interpolation=high-quality&crop=1.0xw:0.90xh;left,top&downsize=200:*
luxury, 2019 BMW X2, 4.6, 26, 228, 37395, 47445, 34309, https://file.kbb.com/kbb/vehicleimage/evoxseo/cp/l/12703/2018-bmw-x2-side_12703_001_640x480_300.png?interpolation=high-quality&crop=1.0xw:0.90xh;left,top&downsize=200:*
luxury, 2019 BMW 2 Series, 4.5, 22, 335, 36295, 48795, 42143, https://file.kbb.com/kbb/images/icons/no-image-te/640x480.png?interpolation=high-quality&downsize=200:*
luxury, 2019 BMW i3, 4.5, 31, 181, 45445, 52495, 47644, https://file.kbb.com/kbb/images/icons/no-image-te/640x480.png?interpolation=high-quality&downsize=200:*
luxury, 2019 BMW X1, 4.5, 25, 228, 35945, 37945, 34526, https://file.kbb.com/kbb/vehicleimage/evoxseo/cp/l/13532/2019-bmw-x1-side_13532_001_640x480_300.png?interpolation=high-quality&crop=1.0xw:0.90xh;left,top&downsize=200:*
luxury, 2019 BMW M2, 4.5, 19, 405, 59895, 59895, 55378, https://file.kbb.com/kbb/vehicleimage/evoxseo/cp/l/13862/2019-bmw-2-series-side_13862_001_640x480_300.png?interpolation=high-quality&crop=1.0xw:0.90xh;left,top&downsize=200:*
luxury, 2019 INFINITI QX30, 4.4, 27, 208, 31175, 41125, 28604, https://file.kbb.com/kbb/images/icons/no-image-te/640x480.png?interpolation=high-quality&downsize=200:*
luxury, 2019 Audi TT, 4.3, 26, 228, 45895, 67895, 41590, https://file.kbb.com/kbb/vehicleimage/evoxseo/cp/l/13559/2019-audi-tt-side_13559_001_640x480_2y.png?interpolation=high-quality&crop=1.0xw:0.90xh;left,top&downsize=200:*
luxury, 2020 Audi Q5, 4.7, 24, 248, 44295, 54695, 50828, https://file.kbb.com/kbb/vehicleimage/evoxseo/cp/l/14210/2020-audi-q5-side_14210_001_640x480_t9.png?interpolation=high-quality&crop=1.0xw:0.90xh;left,top&downsize=200:*
luxury, 2020 BMW 3 Series, 4.6, 25, 382, 41745, 56995, 50083, https://file.kbb.com/kbb/vehicleimage/evoxseo/cp/l/13651/2020-bmw-3-series-side_13651_001_640x480_300.png?interpolation=high-quality&crop=1.0xw:0.90xh;left,top&downsize=200:*
luxury, 2020 Acura RDX, 4.6, 24, 272, 38825, 48925, 43630, https://file.kbb.com/kbb/vehicleimage/evoxseo/cp/l/12875/2019-acura-rdx-side_12875_001_640x480_wa.png?interpolation=high-quality&crop=1.0xw:0.90xh;left,top&downsize=200:*
luxury, 2020 Mercedes-Benz GLC, 4.6, 24, 255, 43495, 45495, 43233, https://file.kbb.com/kbb/vehicleimage/evoxseo/cp/l/13890/2020-mercedes-benz-glc-class-side_13890_001_640x480_799.png?interpolation=high-quality&crop=1.0xw:0.90xh;left,top&downsize=200:*
luxury, 2020 Lexus IS, 4.5, 21, 311, 39585, 46400, 41971, https://file.kbb.com/kbb/vehicleimage/evoxseo/cp/l/12458/2018-lexus-is-side_12458_001_640x480_085.png?interpolation=high-quality&crop=1.0xw:0.90xh;left,top&downsize=200:*
luxury, 2020 INFINITI QX50, 4.4, 25, 268, 38275, 54875, 37839, https://file.kbb.com/kbb/vehicleimage/evoxseo/cp/l/12821/2019-infiniti-qx50-side_12821_001_640x480_qab.png?interpolation=high-quality&crop=1.0xw:0.90xh;left,top&downsize=200:*
luxury, 2020 Lexus NX, 4.4, 24, 235, 37895, 47385, 36351, https://file.kbb.com/kbb/vehicleimage/evoxseo/cp/l/13730/2020-lexus-nx-side_13730_001_640x480_085.png?interpolation=high-quality&crop=1.0xw:0.90xh;left,top&downsize=200:*
luxury, 2020 Acura ILX, 4.4, 28, 201, 26895, 32645, 28546, https://file.kbb.com/kbb/vehicleimage/evoxseo/cp/l/13357/2019-acura-ilx-side_13357_001_640x480_wx.png?interpolation=high-quality&crop=1.0xw:0.90xh;left,top&downsize=200:*
luxury, 2020 BMW X3, 4.4, 27, 248, 42945, 56895, 39079, https://file.kbb.com/kbb/vehicleimage/evoxseo/cp/l/12808/2019-bmw-x3-side_12808_001_640x480_300.png?interpolation=high-quality&crop=1.0xw:0.90xh;left,top&downsize=200:*
luxury, 2020 Cadillac XT4, 4.3, 26, 237, 36690, 40790, 34906, https://file.kbb.com/kbb/vehicleimage/evoxseo/cp/l/13141/2019-cadillac-xt4-side_13141_001_640x480_g1w.png?interpolation=high-quality&crop=1.0xw:0.90xh;left,top&downsize=200:*
luxury, 2020 Lexus ES, 4.8, 26, 302, 40925, 46685, 37790, https://file.kbb.com/kbb/vehicleimage/evoxseo/cp/l/13039/2019-lexus-es-side_13039_001_640x480_085.png?interpolation=high-quality&crop=1.0xw:0.90xh;left,top&downsize=200:*
luxury, 2020 Mercedes-Benz GLE, 4.8, 22, 255, 54695, 62145, 52075, https://file.kbb.com/kbb/vehicleimage/evoxseo/cp/l/13535/2020-mercedes-benz-gle-class-side_13535_001_640x480_149.png?interpolation=high-quality&crop=1.0xw:0.90xh;left,top&downsize=200:*
luxury, 2020 Mercedes-Benz E-Class, 4.7, 22, 362, 65345, 67845, 63916, https://file.kbb.com/kbb/vehicleimage/evoxseo/cp/l/14351/2020-mercedes-benz-e-class-side_14351_001_640x480_799.png?interpolation=high-quality&crop=1.0xw:0.90xh;left,top&downsize=200:*
luxury, 2020 Acura MDX, 4.6, 23, 290, 45525, 63745, 39024, https://file.kbb.com/kbb/vehicleimage/evoxseo/cp/l/12361/2018-acura-mdx-side_12361_001_640x480_wa.png?interpolation=high-quality&crop=1.0xw:0.90xh;left,top&downsize=200:*
luxury, 2020 Volvo XC90, 4.6, 21, 316, 49345, 74295, 57211, https://file.kbb.com/kbb/vehicleimage/evoxseo/cp/l/13754/2020-volvo-xc90-side_13754_001_640x480_707.png?interpolation=high-quality&crop=1.0xw:0.90xh;left,top&downsize=200:*
luxury, 2020 Porsche Cayenne, 4.5, 22, 335, 68150, 163250, 77404, https://file.kbb.com/kbb/vehicleimage/evoxseo/cp/l/13963/2019-porsche-cayenne-side_13963_001_640x480_2y.png?interpolation=high-quality&crop=1.0xw:0.90xh;left,top&downsize=200:*
luxury, 2020 Buick Enclave, 4.5, 21, 310, 41195, 54995, 51739, https://file.kbb.com/kbb/vehicleimage/evoxseo/cp/l/14072/2020-buick-enclave-side_14072_001_640x480_g1w.png?interpolation=high-quality&crop=1.0xw:0.90xh;left,top&downsize=200:*
luxury, 2020 INFINITI Q50, 4.5, 23, 300, 37425, 55275, 33031, https://file.kbb.com/kbb/vehicleimage/evoxseo/cp/l/13992/2020-infiniti-q50-side_13992_001_640x480_qaw.png?interpolation=high-quality&crop=1.0xw:0.90xh;left,top&downsize=200:*
luxury, 2020 Lexus RX, 4.5, 30, 308, 45175, 51575, 44325, https://file.kbb.com/kbb/vehicleimage/evoxseo/cp/l/13974/2020-lexus-rx%20hybrid-side_13974_001_640x480_085.png?interpolation=high-quality&crop=1.0xw:0.90xh;left,top&downsize=200:*
luxury, 2020 Lexus GS, 4.4, 23, 311, 52090, 86035, 48823, https://file.kbb.com/kbb/images/icons/no-image-te/640x480.png?interpolation=high-quality&downsize=200:*
luxury, 2020 Toyota Land Cruiser, 3.2, 14, 381, 86740, 89070, 81169, https://file.kbb.com/kbb/vehicleimage/evoxseo/cp/l/11710/2017-toyota-land%20cruiser-side_11710_001_640x480_070.png?interpolation=high-quality&crop=1.0xw:0.90xh;left,top&downsize=200:*
luxury, 2019 Genesis G80, 4.4, 21, 311, 43045, 57995, 39894, https://file.kbb.com/kbb/vehicleimage/evoxseo/cp/l/12037/2018-genesis-g80-side_12037_001_640x480_yw6.png?interpolation=high-quality&crop=1.0xw:0.90xh;left,top&downsize=200:*
luxury, 2019 Acura RLX Sport Hybrid, 4, 28, 310, 62945, 62945, 52779, https://file.kbb.com/kbb/vehicleimage/evoxseo/cp/l/12568/2018-acura-rlx-side_12568_001_640x480_wv.png?interpolation=high-quality&crop=1.0xw:0.90xh;left,top&downsize=200:*
luxury, 2019 Acura RLX, 4, 23, 310, 55895, 55895, 46873, https://file.kbb.com/kbb/vehicleimage/evoxseo/cp/l/12480/2018-acura-rlx-side_12480_001_640x480_wx.png?interpolation=high-quality&crop=1.0xw:0.90xh;left,top&downsize=200:*
luxury, 2019 Buick LaCrosse, 3.9, 24, 310, 30495, 45795, 42584, https://file.kbb.com/kbb/images/icons/no-image-te/640x480.png?interpolation=high-quality&downsize=200:*
luxury, 2019 Lincoln Continental, 3.8, 19, 305, 47140, 71040, 48890, https://file.kbb.com/kbb/vehicleimage/evoxseo/cp/l/12798/2018-lincoln-continental-side_12798_001_640x480_ug.png?interpolation=high-quality&crop=1.0xw:0.90xh;left,top&downsize=200:*
luxury, 2019 Cadillac XTS, 3.8, 22, 304, 47890, 73990, 62527, https://file.kbb.com/kbb/vehicleimage/evoxseo/cp/l/12939/2019-cadillac-xts-side_12939_001_640x480_g1w.png?interpolation=high-quality&crop=1.0xw:0.90xh;left,top&downsize=200:*
luxury, 2019 BMW 6 Series, 3.7, 20, 443, 71295, 125395, 89006, https://file.kbb.com/kbb/vehicleimage/evoxseo/cp/l/12108/2018-bmw-6-series-side_12108_001_640x480_300.png?interpolation=high-quality&crop=1.0xw:0.90xh;left,top&downsize=200:*
luxury, 2019 Mercedes-Benz GLS, 3.4, 16, 449, 71145, 96745, 86461, https://file.kbb.com/kbb/vehicleimage/evoxseo/cp/l/13425/2019-mercedes-benz-gls-class-side_13425_001_640x480_149.png?interpolation=high-quality&crop=1.0xw:0.90xh;left,top&downsize=200:*
luxury, 2019 Mercedes-Benz Mercedes-AMG GLS, 3.4, 15, 577, 127145, 127145, 115485, https://file.kbb.com/kbb/vehicleimage/evoxseo/cp/l/12787/2018-mercedes-benz-gls-class-side_12787_001_640x480_149.png?interpolation=high-quality&crop=1.0xw:0.90xh;left,top&downsize=200:*
luxury, 2020 Jaguar F-TYPE, 3.5, 26, 296, 65725, 127725, 59947, https://file.kbb.com/kbb/vehicleimage/evoxseo/cp/l/13712/2020-jaguar-f-type-side_13712_001_640x480_1aa.png?interpolation=high-quality&crop=1.0xw:0.90xh;left,top&downsize=200:*
luxury, 2019 Audi RS 5, 4.8, 20, 444, 75195, 75195, 67690, https://file.kbb.com/kbb/vehicleimage/evoxseo/cp/l/13351/2019-audi-rs%205%20sportback-side_13351_001_640x480_2y.png?interpolation=high-quality&crop=1.0xw:0.90xh;left,top&downsize=200:*
luxury, 2019 Audi S5, 4.8, 24, 349, 66095, 69795, 59412, https://file.kbb.com/kbb/vehicleimage/evoxseo/cp/l/12047/2018-audi-s5%20cabriolet-side_12047_001_640x480_2y.png?interpolation=high-quality&crop=1.0xw:0.90xh;left,top&downsize=200:*
luxury, 2019 Audi S4, 4.7, 24, 349, 51195, 58795, 51827, https://file.kbb.com/kbb/vehicleimage/evoxseo/cp/l/13374/2019-audi-s4-side_13374_001_640x480_2y.png?interpolation=high-quality&crop=1.0xw:0.90xh;left,top&downsize=200:*
luxury, 2019 Mercedes-Benz Mercedes-AMG E-Class, 4.7, 21, 429, 74625, 74625, 67543, https://file.kbb.com/kbb/vehicleimage/evoxseo/cp/l/13305/2019-mercedes-benz-e-class-side_13305_001_640x480_149.png?interpolation=high-quality&crop=1.0xw:0.90xh;left,top&downsize=200:*
luxury, 2019 Mercedes-Benz Mercedes-AMG C-Class, 4.7, 21, 469, 56245, 75595, 62541, https://file.kbb.com/kbb/vehicleimage/evoxseo/cp/l/13418/2019-mercedes-benz-c-class-side_13418_001_640x480_149.png?interpolation=high-quality&crop=1.0xw:0.90xh;left,top&downsize=200:*
luxury, 2019 Audi SQ5, 4.7, 21, 349, 53395, 63095, 52707, https://file.kbb.com/kbb/vehicleimage/evoxseo/cp/l/13367/2019-audi-sq5-side_13367_001_640x480_2y.png?interpolation=high-quality&crop=1.0xw:0.90xh;left,top&downsize=200:*
luxury, 2019 BMW M5, 4.6, 17, 600, 104695, 111995, /A, https://file.kbb.com/kbb/vehicleimage/evoxseo/cp/l/13601/2019-bmw-m5-side_13601_001_640x480_300.png?interpolation=high-quality&crop=1.0xw:0.90xh;left,top&downsize=200:*
electric, 2020 Hyundai Kona Electric, 4.5, 120, 201, 38310, 46520, 41546, https://file.kbb.com/kbb/vehicleimage/evoxseo/cp/l/13530/2019-hyundai-kona%20ev-side_13530_001_640x480_p6w.png?interpolation=high-quality&crop=1.0xw:0.90xh;left,top&downsize=200:*
electric, 2019 Chevrolet Bolt EV, 4.7, 119, 200, 72500, 72500, /A, https://file.kbb.com/kbb/images/icons/no-image-te/640x480.png?interpolation=high-quality&downsize=200:*
electric, 2019 Honda Clarity Electric, 4.7, 114, 161, 70875, 81925, 73944, https://file.kbb.com/kbb/vehicleimage/evoxseo/cp/l/14096/2020-jaguar-i-pace-side_14096_001_640x480_1aq.png?interpolation=high-quality&crop=1.0xw:0.90xh;left,top&downsize=200:*
electric, 2019 Honda Clarity Fuel Cell, 4.7, 68, 174, 89690, 106190, 106190, https://file.kbb.com/kbb/images/icons/no-image-te/640x480.png?interpolation=high-quality&downsize=200:*
electric, 2019 BMW i3, 4.5, 31, 181, 54190, 62190, /A, https://file.kbb.com/kbb/images/icons/no-image-te/640x480.png?interpolation=high-quality&downsize=200:*
electric, 2019 Hyundai Ioniq Electric, 4.4, 136, 118, 75795, 82795, 74962, https://file.kbb.com/kbb/vehicleimage/evoxseo/cp/l/13680/2019-audi-e-tron-side_13680_001_640x480_2y2y.png?interpolation=high-quality&crop=1.0xw:0.90xh;left,top&downsize=200:*
electric, 2019 Nissan LEAF, 4.4, 112, 147, 37495, 41895, 34304, https://file.kbb.com/kbb/vehicleimage/evoxseo/cp/l/13022/2019-chevrolet-bolt%20ev-side_13022_001_640x480_gaz.png?interpolation=high-quality&crop=1.0xw:0.90xh;left,top&downsize=200:*
electric, 2019 Kia Soul EV, 4.3, 108, 109, 36200, 60700, 45200, https://file.kbb.com/kbb/vehicleimage/evoxseo/cp/l/12659/2017-tesla-model%203-side_12659_001_640x480_ppsw.png?interpolation=high-quality&crop=1.0xw:0.90xh;left,top&downsize=200:*
van-minivan, 2020 Honda Odyssey, 4.6, 22, 280, 31910, 48540, 33216, https://file.kbb.com/kbb/vehicleimage/evoxseo/cp/l/12052/2018-honda-odyssey-side_12052_001_640x480_wb.png?interpolation=high-quality&crop=1.0xw:0.90xh;left,top&downsize=200:*
van-minivan, 2020 Chrysler Pacifica, 4.5, 22, 287, 34990, 46735, 42926, https://file.kbb.com/kbb/images/icons/no-image-te/640x480.png?interpolation=high-quality&downsize=200:*
van-minivan, 2020 Chrysler Voyager, 4.5, 22, 287, 28480, 31290, 30032, https://file.kbb.com/kbb/vehicleimage/evoxseo/cp/l/14071/2020-chrysler-voyager-side_14071_001_640x480_pw7.png?interpolation=high-quality&crop=1.0xw:0.90xh;left,top&downsize=200:*
van-minivan, 2020 Toyota Sienna, 4.4, 21, 296, 32760, 49175, 32899, https://file.kbb.com/kbb/vehicleimage/evoxseo/cp/l/13010/2019-toyota-sienna-side_13010_001_640x480_040.png?interpolation=high-quality&crop=1.0xw:0.90xh;left,top&downsize=200:*
van-minivan, 2020 Kia Sedona, 4.3, 21, 276, 28720, 42620, 40399, https://file.kbb.com/kbb/vehicleimage/evoxseo/cp/l/13275/2019-kia-sedona-side_13275_001_640x480_swp.png?interpolation=high-quality&crop=1.0xw:0.90xh;left,top&downsize=200:*
van-minivan, 2019 Dodge Grand Caravan Passenger, 3.6, 20, 283, 27595, 33095, 30702, https://file.kbb.com/kbb/vehicleimage/evoxseo/cp/l/11888/2017-dodge-grand%20caravan-side_11888_001_640x480_pw7.png?interpolation=high-quality&crop=1.0xw:0.90xh;left,top&downsize=200:*
crossover, 2020 Volvo XC40, 4.7, 27, 187, 34695, 43445, 31551, https://file.kbb.com/kbb/vehicleimage/evoxseo/cp/l/12737/2019-volvo-xc40-side_12737_001_640x480_711.png?interpolation=high-quality&crop=1.0xw:0.90xh;left,top&downsize=200:*
crossover, 2020 Subaru Crosstrek, 4.6, 25, 152, 23155, 36155, 22180, https://file.kbb.com/kbb/vehicleimage/evoxseo/cp/l/13994/2020-subaru-crosstrek-side_13994_001_640x480_k1x.png?interpolation=high-quality&crop=1.0xw:0.90xh;left,top&downsize=200:*
crossover, 2020 Honda HR-V, 4.6, 30, 141, 21940, 30010, 25713, https://file.kbb.com/kbb/vehicleimage/evoxseo/cp/l/13589/2019-honda-hr-v-side_13589_001_640x480_wx.png?interpolation=high-quality&crop=1.0xw:0.90xh;left,top&downsize=200:*
crossover, 2020 Hyundai Kona, 4.5, 28, 147, 21420, 29070, 24953, https://file.kbb.com/kbb/vehicleimage/evoxseo/cp/l/12686/2018-hyundai-kona-side_12686_001_640x480_p6w.png?interpolation=high-quality&crop=1.0xw:0.90xh;left,top&downsize=200:*
crossover, 2020 Hyundai Kona Electric, 4.5, 120, 201, 38310, 46520, 41546, https://file.kbb.com/kbb/vehicleimage/evoxseo/cp/l/13530/2019-hyundai-kona%20ev-side_13530_001_640x480_p6w.png?interpolation=high-quality&crop=1.0xw:0.90xh;left,top&downsize=200:*
crossover, 2020 Toyota C-HR, 4.4, 29, 144, 22415, 27470, 23039, https://file.kbb.com/kbb/vehicleimage/evoxseo/cp/l/14246/2020-toyota-c-hr-side_14246_001_640x480_1k0.png?interpolation=high-quality&crop=1.0xw:0.90xh;left,top&downsize=200:*
crossover, 2020 Ford EcoSport, 3.9, 25, 166, 21090, 28475, 24951, https://file.kbb.com/kbb/vehicleimage/evoxseo/cp/l/12570/2018-ford-ecosport-side_12570_001_640x480_za.png?interpolation=high-quality&crop=1.0xw:0.90xh;left,top&downsize=200:*
crossover, 2020 Buick Encore, 3.9, 26, 138, 24195, 30295, 30297, https://file.kbb.com/kbb/vehicleimage/evoxseo/cp/l/12950/2019-buick-encore-side_12950_001_640x480_gaz.png?interpolation=high-quality&crop=1.0xw:0.90xh;left,top&downsize=200:*
crossover, 2020 Chevrolet Trax, 3.9, 26, 138, 22295, 28595, 22402, https://file.kbb.com/kbb/images/icons/no-image-te/640x480.png?interpolation=high-quality&downsize=200:*
crossover, 2020 Mitsubishi Outlander Sport, 3.1, 27, 148, 23935, 27025, 23759, https://file.kbb.com/kbb/vehicleimage/evoxseo/cp/l/14067/2020-mitsubishi-outlander%20sport-side_14067_001_640x480_w13.png?interpolation=high-quality&crop=1.0xw:0.90xh;left,top&downsize=200:*
crossover, 2020 Honda CR-V, 4.8, 30, 190, 26170, 34370, 27048, https://file.kbb.com/kbb/vehicleimage/evoxseo/cp/l/14317/2020-honda-cr-v-side_14317_001_640x480_wx.png?interpolation=high-quality&crop=1.0xw:0.90xh;left,top&downsize=200:*
crossover, 2020 Toyota RAV4, 4.8, 28, 203, 27070, 36400, 30395, https://file.kbb.com/kbb/vehicleimage/evoxseo/cp/l/13427/2019-toyota-rav4-side_13427_001_640x480_040.png?interpolation=high-quality&crop=1.0xw:0.90xh;left,top&downsize=200:*
crossover, 2020 Audi Q5, 4.7, 24, 248, 44295, 54695, 50828, https://file.kbb.com/kbb/vehicleimage/evoxseo/cp/l/14210/2020-audi-q5-side_14210_001_640x480_t9.png?interpolation=high-quality&crop=1.0xw:0.90xh;left,top&downsize=200:*
crossover, 2020 MAZDA CX-5, 4.6, 26, 187, 26290, 38255, 31372, https://file.kbb.com/kbb/vehicleimage/evoxseo/cp/l/14205/2020-mazda-cx-5-side_14205_001_640x480_25d.png?interpolation=high-quality&crop=1.0xw:0.90xh;left,top&downsize=200:*
crossover, 2020 Subaru Forester, 4.6, 29, 182, 25505, 35605, 28486, https://file.kbb.com/kbb/vehicleimage/evoxseo/cp/l/12664/2019-subaru-forester-side_12664_001_640x480_k1x.png?interpolation=high-quality&crop=1.0xw:0.90xh;left,top&downsize=200:*
crossover, 2020 Acura RDX, 4.6, 24, 272, 38825, 48925, 43630, https://file.kbb.com/kbb/vehicleimage/evoxseo/cp/l/12875/2019-acura-rdx-side_12875_001_640x480_wa.png?interpolation=high-quality&crop=1.0xw:0.90xh;left,top&downsize=200:*
crossover, 2020 Mercedes-Benz GLC, 4.6, 24, 255, 43495, 45495, 43233, https://file.kbb.com/kbb/vehicleimage/evoxseo/cp/l/13890/2020-mercedes-benz-glc-class-side_13890_001_640x480_799.png?interpolation=high-quality&crop=1.0xw:0.90xh;left,top&downsize=200:*
crossover, 2020 Kia Sportage, 4.4, 21, 237, 25110, 34710, 34247, https://file.kbb.com/kbb/vehicleimage/evoxseo/cp/l/13729/2020-kia-sportage-side_13729_001_640x480_swp.png?interpolation=high-quality&crop=1.0xw:0.90xh;left,top&downsize=200:*
crossover, 2020 INFINITI QX50, 4.4, 25, 268, 38275, 54875, 37839, https://file.kbb.com/kbb/vehicleimage/evoxseo/cp/l/12821/2019-infiniti-qx50-side_12821_001_640x480_qab.png?interpolation=high-quality&crop=1.0xw:0.90xh;left,top&downsize=200:*
crossover, 2020 Lexus NX, 4.4, 24, 235, 37895, 47385, 36351, https://file.kbb.com/kbb/vehicleimage/evoxseo/cp/l/13730/2020-lexus-nx-side_13730_001_640x480_085.png?interpolation=high-quality&crop=1.0xw:0.90xh;left,top&downsize=200:*
crossover, 2020 Mercedes-Benz GLE, 4.8, 22, 255, 23155, 36155, 35048, https://file.kbb.com/kbb/vehicleimage/evoxseo/cp/l/14213/2020-subaru-crosstrek%20hybrid-side_14213_001_640x480_k1x.png?interpolation=high-quality&crop=1.0xw:0.90xh;left,top&downsize=200:*
crossover, 2020 Hyundai Palisade, 4.7, 22, 291, 49345, 74295, 61597, https://file.kbb.com/kbb/vehicleimage/evoxseo/cp/l/13754/2020-volvo-xc90-side_13754_001_640x480_707.png?interpolation=high-quality&crop=1.0xw:0.90xh;left,top&downsize=200:*
crossover, 2020 Honda Pilot, 4.7, 23, 280, 68150, 163250, 77404, https://file.kbb.com/kbb/vehicleimage/evoxseo/cp/l/13963/2019-porsche-cayenne-side_13963_001_640x480_2y.png?interpolation=high-quality&crop=1.0xw:0.90xh;left,top&downsize=200:*
crossover, 2020 Hyundai Santa Fe, 4.6, 23, 235, 38310, 46520, 41546, https://file.kbb.com/kbb/vehicleimage/evoxseo/cp/l/13530/2019-hyundai-kona%20ev-side_13530_001_640x480_p6w.png?interpolation=high-quality&crop=1.0xw:0.90xh;left,top&downsize=200:*
crossover, 2020 Acura MDX, 4.6, 23, 290, 45175, 51575, 44325, https://file.kbb.com/kbb/vehicleimage/evoxseo/cp/l/13974/2020-lexus-rx%20hybrid-side_13974_001_640x480_085.png?interpolation=high-quality&crop=1.0xw:0.90xh;left,top&downsize=200:*
crossover, 2020 Volvo XC90, 4.6, 21, 316, 37895, 47385, /A, https://file.kbb.com/kbb/vehicleimage/evoxseo/cp/l/13784/2020-lexus-nx%20hybrid-side_13784_001_640x480_085.png?interpolation=high-quality&crop=1.0xw:0.90xh;left,top&downsize=200:*
crossover, 2020 Porsche Cayenne, 4.5, 22, 335, 26080, 37880, 27415, https://file.kbb.com/kbb/vehicleimage/evoxseo/cp/l/13978/2020-ford-escape-side_13978_001_640x480_az.png?interpolation=high-quality&crop=1.0xw:0.90xh;left,top&downsize=200:*
crossover, 2020 Lexus RX, 4.5, 30, 308, 52195, 88895, 84841, https://file.kbb.com/kbb/images/icons/no-image-te/640x480.png?interpolation=high-quality&downsize=200:*
crossover, 2020 Chevrolet Traverse, 4.4, 21, 310, 33960, 59445, 52307, https://file.kbb.com/kbb/vehicleimage/evoxseo/cp/l/13741/2020-ford-explorer-side_13741_001_640x480_yz.png?interpolation=high-quality&crop=1.0xw:0.90xh;left,top&downsize=200:*
crossover, 2019 Mercedes-Benz GLS, 3.4, 16, 449, 53795, 60545, 46532, https://file.kbb.com/kbb/images/icons/no-image-te/640x480.png?interpolation=high-quality&downsize=200:*
crossover, 2019 Mercedes-Benz Mercedes-AMG GLS, 3.4, 15, 577, 54695, 62145, 52075, https://file.kbb.com/kbb/vehicleimage/evoxseo/cp/l/13535/2020-mercedes-benz-gle-class-side_13535_001_640x480_149.png?interpolation=high-quality&crop=1.0xw:0.90xh;left,top&downsize=200:*
crossover, 2019 BMW X2, 4.6, 26, 228, 27245, 38845, 37069, https://file.kbb.com/kbb/vehicleimage/evoxseo/cp/l/13855/2020-hyundai-santa%20fe-side_13855_001_640x480_ww8.png?interpolation=high-quality&crop=1.0xw:0.90xh;left,top&downsize=200:*
crossover, 2019 BMW X1, 4.5, 25, 228, 27655, 40705, 38852, https://file.kbb.com/kbb/images/icons/no-image-te/640x480.png?interpolation=high-quality&downsize=200:*
crossover, 2019 Mercedes-Benz GLA, 4.3, 26, 208, 45525, 63745, 39024, https://file.kbb.com/kbb/vehicleimage/evoxseo/cp/l/12361/2018-acura-mdx-side_12361_001_640x480_wa.png?interpolation=high-quality&crop=1.0xw:0.90xh;left,top&downsize=200:*
crossover, 2019 Mercedes-Benz Mercedes-AMG GLA, 4.3, 25, 375, 49345, 74295, 57211, https://file.kbb.com/kbb/vehicleimage/evoxseo/cp/l/13754/2020-volvo-xc90-side_13754_001_640x480_707.png?interpolation=high-quality&crop=1.0xw:0.90xh;left,top&downsize=200:*
crossover, 2020 BMW X3, 4.4, 27, 248, 34695, 43445, 31551, https://file.kbb.com/kbb/vehicleimage/evoxseo/cp/l/12737/2019-volvo-xc40-side_12737_001_640x480_711.png?interpolation=high-quality&crop=1.0xw:0.90xh;left,top&downsize=200:*
crossover, 2020 Cadillac XT4, 4.3, 26, 237, 24195, 30295, 30297, https://file.kbb.com/kbb/vehicleimage/evoxseo/cp/l/12950/2019-buick-encore-side_12950_001_640x480_gaz.png?interpolation=high-quality&crop=1.0xw:0.90xh;left,top&downsize=200:*
crossover, 2020 Lincoln Corsair, 4.2, 24, 250, 37395, 47445, 34309, https://file.kbb.com/kbb/vehicleimage/evoxseo/cp/l/12703/2018-bmw-x2-side_12703_001_640x480_300.png?interpolation=high-quality&crop=1.0xw:0.90xh;left,top&downsize=200:*
crossover, 2020 Porsche Macan, 4.2, 21, 248, 35945, 37945, 34526, https://file.kbb.com/kbb/vehicleimage/evoxseo/cp/l/13532/2019-bmw-x1-side_13532_001_640x480_300.png?interpolation=high-quality&crop=1.0xw:0.90xh;left,top&downsize=200:*
crossover, 2020 Jaguar F-PACE, 4.1, 24, 247, 34945, 36945, 33708, https://file.kbb.com/kbb/vehicleimage/evoxseo/cp/l/12053/2018-mercedes-benz-gla-class-side_12053_001_640x480_650.png?interpolation=high-quality&crop=1.0xw:0.90xh;left,top&downsize=200:*
crossover, 2020 INFINITI QX60, 4.2, 22, 295, 38825, 48925, 43630, https://file.kbb.com/kbb/vehicleimage/evoxseo/cp/l/12875/2019-acura-rdx-side_12875_001_640x480_wa.png?interpolation=high-quality&crop=1.0xw:0.90xh;left,top&downsize=200:*
crossover, 2020 Land Rover Range Rover Velar, 4.2, 22, 340, 43495, 45495, 43233, https://file.kbb.com/kbb/vehicleimage/evoxseo/cp/l/13890/2020-mercedes-benz-glc-class-side_13890_001_640x480_799.png?interpolation=high-quality&crop=1.0xw:0.90xh;left,top&downsize=200:*
crossover, 2019 Audi Q8, 4.8, 19, 335, 38275, 54875, 37839, https://file.kbb.com/kbb/vehicleimage/evoxseo/cp/l/12821/2019-infiniti-qx50-side_12821_001_640x480_qab.png?interpolation=high-quality&crop=1.0xw:0.90xh;left,top&downsize=200:*
crossover, 2019 BMW X5, 4.8, 22, 335, 37895, 47385, 36351, https://file.kbb.com/kbb/vehicleimage/evoxseo/cp/l/13730/2020-lexus-nx-side_13730_001_640x480_085.png?interpolation=high-quality&crop=1.0xw:0.90xh;left,top&downsize=200:*
crossover, 2020 Volkswagen Tiguan, 4.3, 25, 184, 45175, 51575, 44325, https://file.kbb.com/kbb/vehicleimage/evoxseo/cp/l/13974/2020-lexus-rx%20hybrid-side_13974_001_640x480_085.png?interpolation=high-quality&crop=1.0xw:0.90xh;left,top&downsize=200:*
crossover, 2020 Kia Sorento, 4.1, 20, 290, 45375, 47175, 42024, https://file.kbb.com/kbb/vehicleimage/evoxseo/cp/l/12886/2019-infiniti-qx60-side_12886_001_640x480_qab.png?interpolation=high-quality&crop=1.0xw:0.90xh;left,top&downsize=200:*
crossover, 2020 Ford Escape, 4.3, 41, 163, 26170, 34370, 28462, https://file.kbb.com/kbb/vehicleimage/evoxseo/cp/l/14317/2020-honda-cr-v-side_14317_001_640x480_wx.png?interpolation=high-quality&crop=1.0xw:0.90xh;left,top&downsize=200:*
crossover, 2019 Acura MDX Sport Hybrid, 4.6, 27, 257, 27070, 36400, 30395, https://file.kbb.com/kbb/vehicleimage/evoxseo/cp/l/13427/2019-toyota-rav4-side_13427_001_640x480_040.png?interpolation=high-quality&crop=1.0xw:0.90xh;left,top&downsize=200:*
truck, 2020 Toyota Tacoma Double Cab, 4.3, 21, 278, 28000, 45080, 33254, https://file.kbb.com/kbb/images/icons/no-image-te/640x480.png?interpolation=high-quality&downsize=200:*
truck, 2020 Toyota Tacoma Access Cab, 4.3, 20, 159, 27170, 37150, 28342, https://file.kbb.com/kbb/vehicleimage/evoxseo/cp/l/13972/2020-toyota-tacoma-side_13972_001_640x480_040.png?interpolation=high-quality&crop=1.0xw:0.90xh;left,top&downsize=200:*
truck, 2020 Chevrolet Colorado Crew Cab, 4.1, 20, 200, 27795, 44095, 26288, https://file.kbb.com/kbb/images/icons/no-image-te/640x480.png?interpolation=high-quality&downsize=200:*
truck, 2019 Honda Ridgeline, 4.3, 21, 280, 31110, 44540, 35497, https://file.kbb.com/kbb/vehicleimage/evoxseo/cp/l/12944/2019-honda-ridgeline-side_12944_001_640x480_wa.png?interpolation=high-quality&crop=1.0xw:0.90xh;left,top&downsize=200:*
truck, 2019 GMC Canyon Extended Cab, 4.2, 19, 308, 22595, 38995, 34658, https://file.kbb.com/kbb/images/icons/no-image-te/640x480.png?interpolation=high-quality&downsize=200:*
truck, 2019 GMC Canyon Crew Cab, 4.2, 19, 181, 28695, 41495, 41701, https://file.kbb.com/kbb/images/icons/no-image-te/640x480.png?interpolation=high-quality&downsize=200:*
truck, 2019 Nissan Frontier Crew Cab, 3.8, 18, 261, 26145, 35205, 33795, https://file.kbb.com/kbb/vehicleimage/evoxseo/cp/l/13188/2019-nissan-frontier-side_13188_001_640x480_qak.png?interpolation=high-quality&crop=1.0xw:0.90xh;left,top&downsize=200:*
truck, 2019 Nissan Frontier King Cab, 3.8, 19, 152, 20185, 34625, 24640, https://file.kbb.com/kbb/vehicleimage/evoxseo/cp/l/13077/2019-nissan-frontier-side_13077_001_640x480_qak.png?interpolation=high-quality&crop=1.0xw:0.90xh;left,top&downsize=200:*
truck, 2020 Ram 1500 Crew Cab, 4.5, 17, 260, 69000, 69000, /A, https://file.kbb.com/kbb/images/icons/no-image-te/640x480.png?interpolation=high-quality&downsize=200:*
truck, 2020 Ford F150 SuperCrew Cab, 4.4, 18, 250, 35040, 45040, 38689, https://file.kbb.com/kbb/vehicleimage/evoxseo/cp/l/13682/2020-jeep-gladiator-side_13682_001_640x480_pw7.png?interpolation=high-quality&crop=1.0xw:0.90xh;left,top&downsize=200:*
truck, 2020 GMC Sierra 1500 Crew Cab, 4.3, 17, 277, 36640, 55160, 41278, https://file.kbb.com/kbb/vehicleimage/evoxseo/cp/l/14089/2020-ram-1500-side_14089_001_640x480_pw7.png?interpolation=high-quality&crop=1.0xw:0.90xh;left,top&downsize=200:*
truck, 2020 Chevrolet Silverado 1500 Crew Cab, 4.3, 20, 277, 36630, 69080, 40925, https://file.kbb.com/kbb/vehicleimage/evoxseo/cp/l/13233/2019-ford-f-150-side_13233_001_640x480_yz.png?interpolation=high-quality&crop=1.0xw:0.90xh;left,top&downsize=200:*
truck, 2020 Toyota Tundra CrewMax, 3.7, 14, 381, 39895, 62695, 43383, https://file.kbb.com/kbb/vehicleimage/evoxseo/cp/l/13857/2020-chevrolet-silverado%202500hd-side_13857_001_640x480_gaz.png?interpolation=high-quality&crop=1.0xw:0.90xh;left,top&downsize=200:*
truck, 2020 Toyota Tundra Double Cab, 3.7, 14, 381, 41095, 63895, 42858, https://file.kbb.com/kbb/vehicleimage/evoxseo/cp/l/14100/2020-chevrolet-silverado%203500hd-side_14100_001_640x480_gaz.png?interpolation=high-quality&crop=1.0xw:0.90xh;left,top&downsize=200:*
convertible, 2019 FIAT 500c Abarth, 3.5, 27, 160, 23485, 23485, 21345, https://file.kbb.com/kbb/images/icons/no-image-te/640x480.png?interpolation=high-quality&downsize=200:*
convertible, 2019 FIAT 500c, 3.5, 27, 135, 19485, 22985, 20989, https://file.kbb.com/kbb/images/icons/no-image-te/640x480.png?interpolation=high-quality&downsize=200:*
convertible, 2018 smart fortwo electric drive cabrio, 3, 102, 80, 28850, 29850, 26172, https://file.kbb.com/kbb/images/icons/no-image-te/640x480.png?interpolation=high-quality&downsize=200:*
convertible, 2019 Porsche 718 Boxster, 4.6, 22, 350, 28850, 29850, /A, https://file.kbb.com/kbb/images/icons/no-image-te/640x480.png?interpolation=high-quality&downsize=200:*
convertible, 2019 MAZDA MX-5 Miata, 4.6, 29, 181, 60250, 84050, 65799, https://file.kbb.com/kbb/vehicleimage/evoxseo/cp/l/11314/2017-porsche-718%20boxster-side_11314_001_640x480_0q.png?interpolation=high-quality&crop=1.0xw:0.90xh;left,top&downsize=200:*
convertible, 2019 MAZDA MX-5 Miata RF, 4.6, 29, 181, 26650, 31700, 24864, https://file.kbb.com/kbb/vehicleimage/evoxseo/cp/l/13428/2019-mazda-mx-5%20miata-side_13428_001_640x480_a4d.png?interpolation=high-quality&crop=1.0xw:0.90xh;left,top&downsize=200:*
convertible, 2019 FIAT 124 Spider, 4.5, 29, 160, 33265, 34255, 31819, https://file.kbb.com/kbb/vehicleimage/evoxseo/cp/l/13474/2019-mazda-mx-5%20miata%20rf-side_13474_001_640x480_25d.png?interpolation=high-quality&crop=1.0xw:0.90xh;left,top&downsize=200:*
convertible, 2019 BMW 2 Series, 4.5, 27, 248, 26240, 29760, 26045, https://file.kbb.com/kbb/vehicleimage/evoxseo/cp/l/12189/2017-fiat-124%20spider-side_12189_001_640x480_pwe.png?interpolation=high-quality&crop=1.0xw:0.90xh;left,top&downsize=200:*
convertible, 2019 Nissan 370Z, 4.2, 21, 332, 42095, 53395, 39998, https://file.kbb.com/kbb/vehicleimage/evoxseo/cp/l/12462/2018-bmw-2-series-side_12462_001_640x480_300.png?interpolation=high-quality&crop=1.0xw:0.90xh;left,top&downsize=200:*
convertible, 2019 Alfa Romeo 4C Spider, 3.6, 28, 237, 42845, 50425, 46184, https://file.kbb.com/kbb/vehicleimage/evoxseo/cp/l/13627/2019-nissan-370z%20roadster-side_13627_001_640x480_qab.png?interpolation=high-quality&crop=1.0xw:0.90xh;left,top&downsize=200:*
convertible, 2019 Mercedes-Benz SLC, 3.6, 27, 241, 68495, 68495, 57590, https://file.kbb.com/kbb/images/icons/no-image-te/640x480.png?interpolation=high-quality&downsize=200:*
convertible, 2019 Mercedes-Benz Mercedes-AMG SLC, 3.6, 23, 384, 49945, 49945, 45245, https://file.kbb.com/kbb/vehicleimage/evoxseo/cp/l/13381/2019-mercedes-benz-slc-class-side_13381_001_640x480_149.png?interpolation=high-quality&crop=1.0xw:0.90xh;left,top&downsize=200:*
convertible, 2020 Jaguar F-TYPE, 3.5, 26, 296, 64895, 64895, 58866, https://file.kbb.com/kbb/vehicleimage/evoxseo/cp/l/11364/2017-mercedes-benz-slc-class-side_11364_001_640x480_149.png?interpolation=high-quality&crop=1.0xw:0.90xh;left,top&downsize=200:*
convertible, 2019 Audi S5, 4.8, 24, 349, 111550, 134750, /A, https://file.kbb.com/kbb/vehicleimage/evoxseo/cp/l/13993/2020-porsche-911-side_13993_001_640x480_0q.png?interpolation=high-quality&crop=1.0xw:0.90xh;left,top&downsize=200:*
convertible, 2019 Chevrolet Corvette, 4.8, 15, 755, 284650, 284650, /A, https://file.kbb.com/kbb/images/icons/no-image-te/640x480.png?interpolation=high-quality&downsize=200:*
convertible, 2019 Audi A5, 4.8, 27, 248, 351650, 351650, /A, https://file.kbb.com/kbb/images/icons/no-image-te/640x480.png?interpolation=high-quality&downsize=200:*
convertible, 2019 Mercedes-Benz C-Class, 4.7, 24, 255, 241425, 327925, 327925, https://file.kbb.com/kbb/images/icons/no-image-te/640x480.png?interpolation=high-quality&downsize=200:*
convertible, 2019 Mercedes-Benz Mercedes-AMG C-Class, 4.7, 20, 503, 211300, 211300, 211300, https://file.kbb.com/kbb/images/icons/no-image-te/640x480.png?interpolation=high-quality&downsize=200:*
convertible, 2019 Audi A3, 4.6, 29, 184, 468242, 468242, 468242, https://file.kbb.com/kbb/images/icons/no-image-te/640x480.png?interpolation=high-quality&downsize=200:*
convertible, 2019 BMW M4, 4.1, 19, 444, 153840, 166330, 153840, https://file.kbb.com/kbb/images/icons/no-image-te/640x480.png?interpolation=high-quality&downsize=200:*
convertible, 2019 BMW 4 Series, 4.1, 24, 322, 65725, 127725, 59947, https://file.kbb.com/kbb/vehicleimage/evoxseo/cp/l/13712/2020-jaguar-f-type-side_13712_001_640x480_1aa.png?interpolation=high-quality&crop=1.0xw:0.90xh;left,top&downsize=200:*
convertible, 2019 Buick Cascada, 4, 24, 200, 66095, 69795, 59412, https://file.kbb.com/kbb/vehicleimage/evoxseo/cp/l/12047/2018-audi-s5%20cabriolet-side_12047_001_640x480_2y.png?interpolation=high-quality&crop=1.0xw:0.90xh;left,top&downsize=200:*
convertible, 2020 Mercedes-Benz E-Class, 4.7, 23, 362, 60590, 123995, 113815, https://file.kbb.com/kbb/images/icons/no-image-te/640x480.png?interpolation=high-quality&downsize=200:*
convertible, 2020 Ford Mustang, 4.6, 23, 310, 52195, 60295, 55181, https://file.kbb.com/kbb/vehicleimage/evoxseo/cp/l/13581/2019-audi-a5%20cabriolet-side_13581_001_640x480_2y.png?interpolation=high-quality&crop=1.0xw:0.90xh;left,top&downsize=200:*
convertible, 2020 Chevrolet Camaro, 4.3, 16, 650, 52845, 54845, 48834, https://file.kbb.com/kbb/vehicleimage/evoxseo/cp/l/13158/2019-mercedes-benz-c-class-side_13158_001_640x480_799.png?interpolation=high-quality&crop=1.0xw:0.90xh;left,top&downsize=200:*
convertible, 2019 Mercedes-Benz Mercedes-AMG E-Class, 4.7, 21, 429, 64645, 84795, 78681, https://file.kbb.com/kbb/images/icons/no-image-te/640x480.png?interpolation=high-quality&downsize=200:*
coupe, 2020 Toyota 86, 4.6, 27, 200, 28015, 30865, 27114, https://file.kbb.com/kbb/vehicleimage/evoxseo/cp/l/14244/2020-toyota-86-side_14244_001_640x480_k1x.png?interpolation=high-quality&crop=1.0xw:0.90xh;left,top&downsize=200:*
coupe, 2020 Subaru BRZ, 4.6, 23, 205, 29745, 32395, 30836, https://file.kbb.com/kbb/vehicleimage/evoxseo/cp/l/12333/2018-subaru-brz-side_12333_001_640x480_k1x.png?interpolation=high-quality&crop=1.0xw:0.90xh;left,top&downsize=200:*
coupe, 2020 Nissan 370Z, 4.2, 22, 350, 31015, 46715, 45276, https://file.kbb.com/kbb/vehicleimage/evoxseo/cp/l/12888/2019-nissan-370z-side_12888_001_640x480_qab.png?interpolation=high-quality&crop=1.0xw:0.90xh;left,top&downsize=200:*
coupe, 2019 BMW 2 Series, 4.5, 22, 335, 36295, 48795, 42143, https://file.kbb.com/kbb/images/icons/no-image-te/640x480.png?interpolation=high-quality&downsize=200:*
coupe, 2019 BMW M2, 4.5, 19, 405, 59895, 59895, 55378, https://file.kbb.com/kbb/vehicleimage/evoxseo/cp/l/13862/2019-bmw-2-series-side_13862_001_640x480_300.png?interpolation=high-quality&crop=1.0xw:0.90xh;left,top&downsize=200:*
coupe, 2019 Audi TT, 4.3, 26, 228, 45895, 67895, 41590, https://file.kbb.com/kbb/vehicleimage/evoxseo/cp/l/13559/2019-audi-tt-side_13559_001_640x480_2y.png?interpolation=high-quality&crop=1.0xw:0.90xh;left,top&downsize=200:*
coupe, 2020 Honda Civic, 4.6, 29, 158, 98750, 121950, 97752, https://file.kbb.com/kbb/vehicleimage/evoxseo/cp/l/14061/2020-porsche-911-side_14061_001_640x480_0q.png?interpolation=high-quality&crop=1.0xw:0.90xh;left,top&downsize=200:*
coupe, 2020 Hyundai Veloster, 4.4, 30, 201, 50945, 56205, 51532, https://file.kbb.com/kbb/vehicleimage/evoxseo/cp/l/14086/2020-toyota-gr%20supra-side_14086_001_640x480_d01.png?interpolation=high-quality&crop=1.0xw:0.90xh;left,top&downsize=200:*
coupe, 2020 Jaguar F-TYPE, 3.5, 23, 380, 159495, 159495, /A, https://file.kbb.com/kbb/images/icons/no-image-te/640x480.png?interpolation=high-quality&downsize=200:*
coupe, 2019 Audi RS 5, 4.8, 21, 444, 58150, 81950, 64701, https://file.kbb.com/kbb/vehicleimage/evoxseo/cp/l/13379/2019-porsche-718%20cayman-side_13379_001_640x480_2y.png?interpolation=high-quality&crop=1.0xw:0.90xh;left,top&downsize=200:*
coupe, 2019 Audi S5, 4.8, 24, 349, 266397, 266397, /A, https://file.kbb.com/kbb/images/icons/no-image-te/640x480.png?interpolation=high-quality&downsize=200:*
coupe, 2019 Chevrolet Corvette, 4.8, 15, 755, 153081, 153081, /A, https://file.kbb.com/kbb/images/icons/no-image-te/640x480.png?interpolation=high-quality&downsize=200:*
coupe, 2019 Audi A5, 4.8, 27, 248, 308081, 308081, /A, https://file.kbb.com/kbb/images/icons/no-image-te/640x480.png?interpolation=high-quality&downsize=200:*
coupe, 2019 Mercedes-Benz C-Class, 4.7, 25, 255, 324600, 324600, /A, https://file.kbb.com/kbb/images/icons/no-image-te/640x480.png?interpolation=high-quality&downsize=200:*
coupe, 2019 Mercedes-Benz Mercedes-AMG C-Class, 4.7, 22, 385, 367480, 367480, /A, https://file.kbb.com/kbb/images/icons/no-image-te/640x480.png?interpolation=high-quality&downsize=200:*
coupe, 2019 INFINITI Q60, 4.5, 22, 300, 208295, 282885, 208295, https://file.kbb.com/kbb/images/icons/no-image-te/640x480.png?interpolation=high-quality&downsize=200:*
coupe, 2020 Mercedes-Benz E-Class, 4.7, 22, 362, 195000, 195000, 195000, https://file.kbb.com/kbb/images/icons/no-image-te/640x480.png?interpolation=high-quality&downsize=200:*
coupe, 2020 Ford Mustang, 4.6, 16, 526, 205450, 205450, 205450, https://file.kbb.com/kbb/images/icons/no-image-te/640x480.png?interpolation=high-quality&downsize=200:*
coupe, 2020 Chevrolet Camaro, 4.3, 19, 455, 288845, 300275, 300275, https://file.kbb.com/kbb/images/icons/no-image-te/640x480.png?interpolation=high-quality&downsize=200:*
coupe, 2019 Mercedes-Benz Mercedes-AMG E-Class, 4.7, 21, 429, 424845, 424845, 424845, https://file.kbb.com/kbb/images/icons/no-image-te/640x480.png?interpolation=high-quality&downsize=200:*
coupe, 2019 Dodge Challenger, 4, 23, 305, 22005, 28205, 20916, https://file.kbb.com/kbb/images/icons/no-image-te/640x480.png?interpolation=high-quality&downsize=200:*
coupe, 2019 BMW M4, 4.1, 19, 444, 27765, 73995, 73127, https://file.kbb.com/kbb/vehicleimage/evoxseo/cp/l/13780/2019-ford-mustang-side_13780_001_640x480_yz.png?interpolation=high-quality&crop=1.0xw:0.90xh;left,top&downsize=200:*
coupe, 2019 BMW 4 Series, 4.1, 22, 322, 25995, 62995, 40944, https://file.kbb.com/kbb/images/icons/no-image-te/640x480.png?interpolation=high-quality&downsize=200:*
coupe, 2019 Cadillac ATS-V, 4, 19, 464, 74625, 74625, 67543, https://file.kbb.com/kbb/vehicleimage/evoxseo/cp/l/13305/2019-mercedes-benz-e-class-side_13305_001_640x480_149.png?interpolation=high-quality&crop=1.0xw:0.90xh;left,top&downsize=200:*
hybrid, 2020 Toyota RAV4 Hybrid, 4.8, 40, 118, 29470, 38000, 34183, https://file.kbb.com/kbb/vehicleimage/evoxseo/cp/l/14077/2020-toyota-rav4%20hybrid-side_14077_001_640x480_1d6.png?interpolation=high-quality&crop=1.0xw:0.90xh;left,top&downsize=200:*
hybrid, 2020 Subaru Crosstrek, 4.6, 35, 137, 23155, 36155, 35048, https://file.kbb.com/kbb/vehicleimage/evoxseo/cp/l/14213/2020-subaru-crosstrek%20hybrid-side_14213_001_640x480_k1x.png?interpolation=high-quality&crop=1.0xw:0.90xh;left,top&downsize=200:*
hybrid, 2020 Volvo XC90, 4.6, 27, 313, 49345, 74295, 61597, https://file.kbb.com/kbb/vehicleimage/evoxseo/cp/l/13754/2020-volvo-xc90-side_13754_001_640x480_707.png?interpolation=high-quality&crop=1.0xw:0.90xh;left,top&downsize=200:*
hybrid, 2020 Porsche Cayenne, 4.5, 22, 335, 68150, 163250, 77404, https://file.kbb.com/kbb/vehicleimage/evoxseo/cp/l/13963/2019-porsche-cayenne-side_13963_001_640x480_2y.png?interpolation=high-quality&crop=1.0xw:0.90xh;left,top&downsize=200:*
hybrid, 2020 Lexus RX, 4.5, 30, 308, 45175, 51575, 44325, https://file.kbb.com/kbb/vehicleimage/evoxseo/cp/l/13974/2020-lexus-rx%20hybrid-side_13974_001_640x480_085.png?interpolation=high-quality&crop=1.0xw:0.90xh;left,top&downsize=200:*
hybrid, 2020 Lexus NX, 4.4, 31, 194, 37895, 47385, /A, https://file.kbb.com/kbb/vehicleimage/evoxseo/cp/l/13784/2020-lexus-nx%20hybrid-side_13784_001_640x480_085.png?interpolation=high-quality&crop=1.0xw:0.90xh;left,top&downsize=200:*
hybrid, 2020 Ford Escape, 4.3, 41, 163, 26080, 37880, 27415, https://file.kbb.com/kbb/vehicleimage/evoxseo/cp/l/13978/2020-ford-escape-side_13978_001_640x480_az.png?interpolation=high-quality&crop=1.0xw:0.90xh;left,top&downsize=200:*
hybrid, 2019 Acura MDX Sport Hybrid, 4.6, 27, 257, 52195, 88895, 84841, https://file.kbb.com/kbb/images/icons/no-image-te/640x480.png?interpolation=high-quality&downsize=200:*
hybrid, 2020 Honda Accord Hybrid, 4.8, 48, 143, 33960, 59445, 52307, https://file.kbb.com/kbb/vehicleimage/evoxseo/cp/l/13741/2020-ford-explorer-side_13741_001_640x480_yz.png?interpolation=high-quality&crop=1.0xw:0.90xh;left,top&downsize=200:*
hybrid, 2020 Lexus ES, 4.8, 44, 215, 53795, 60545, 46532, https://file.kbb.com/kbb/images/icons/no-image-te/640x480.png?interpolation=high-quality&downsize=200:*
hybrid, 2020 Toyota Prius Prime, 4.7, 54, 96, 26575, 36245, 30060, https://file.kbb.com/kbb/vehicleimage/evoxseo/cp/l/14176/2020-honda-accord%20hybrid-side_14176_001_640x480_wx.png?interpolation=high-quality&crop=1.0xw:0.90xh;left,top&downsize=200:*
hybrid, 2020 Toyota Corolla Hybrid, 4.6, 52, 121, 40925, 46685, 39596, https://file.kbb.com/kbb/vehicleimage/evoxseo/cp/l/13981/2020-lexus-es%20hybrid-side_13981_001_640x480_085.png?interpolation=high-quality&crop=1.0xw:0.90xh;left,top&downsize=200:*
hybrid, 2020 Toyota Camry Hybrid, 4.6, 46, 176, 28855, 34755, 27585, https://file.kbb.com/kbb/vehicleimage/evoxseo/cp/l/13739/2020-toyota-prius%20prime-side_13739_001_640x480_1f7.png?interpolation=high-quality&crop=1.0xw:0.90xh;left,top&downsize=200:*
hybrid, 2020 Toyota Prius, 4.4, 52, 96, 23905, 23905, 22207, https://file.kbb.com/kbb/vehicleimage/evoxseo/cp/l/13478/2020-toyota-corolla%20hybrid-side_13478_001_640x480_040.png?interpolation=high-quality&crop=1.0xw:0.90xh;left,top&downsize=200:*
hybrid, 2020 Kia Optima Hybrid, 4.4, 42, 154, 29385, 33685, 31610, https://file.kbb.com/kbb/vehicleimage/evoxseo/cp/l/12654/2018-toyota-camry%20hybrid-side_12654_001_640x480_040.png?interpolation=high-quality&crop=1.0xw:0.90xh;left,top&downsize=200:*
hybrid, 2020 Kia Optima Plug-in Hybrid, 4.4, 41, 154, 25280, 33455, 27411, https://file.kbb.com/kbb/vehicleimage/evoxseo/cp/l/13973/2020-toyota-prius-side_13973_001_640x480_1f7.png?interpolation=high-quality&crop=1.0xw:0.90xh;left,top&downsize=200:*
hybrid, 2020 Ford Fusion, 4.1, 42, 141, 30235, 30235, 27707, https://file.kbb.com/kbb/vehicleimage/evoxseo/cp/l/13704/2020-kia-optima%20hybrid-side_13704_001_640x480_swp.png?interpolation=high-quality&crop=1.0xw:0.90xh;left,top&downsize=200:*
hybrid, 2019 Honda Clarity Plug-in Hybrid, 4.7, 42, 103, 37150, 37150, 34809, https://file.kbb.com/kbb/vehicleimage/evoxseo/cp/l/13714/2020-kia-optima%20plug-in%20hybrid-side_13714_001_640x480_swp.png?interpolation=high-quality&crop=1.0xw:0.90xh;left,top&downsize=200:*
hybrid, 2019 BMW 5 Series, 4.6, 29, 180, 37150, 37150, 34809, https://file.kbb.com/kbb/vehicleimage/evoxseo/cp/l/13714/2020-kia-optima%20plug-in%20hybrid-side_13714_001_640x480_swp.png?interpolation=high-quality&crop=1.0xw:0.90xh;left,top&downsize=200:*
hybrid, 2019 Mercedes-Benz GLC, 4.6, 25, 201, 52195, 88895, 84841, https://file.kbb.com/kbb/images/icons/no-image-te/640x480.png?interpolation=high-quality&downsize=200:*
hybrid, 2019 Kia Niro Plug-in Hybrid, 4.4, 46, 104, 28855, 34755, 27585, https://file.kbb.com/kbb/vehicleimage/evoxseo/cp/l/13739/2020-toyota-prius%20prime-side_13739_001_640x480_1f7.png?interpolation=high-quality&crop=1.0xw:0.90xh;left,top&downsize=200:*
hybrid, 2019 Hyundai Ioniq Plug-in Hybrid, 4.4, 52, 104, 37150, 37150, 34809, https://file.kbb.com/kbb/vehicleimage/evoxseo/cp/l/13714/2020-kia-optima%20plug-in%20hybrid-side_13714_001_640x480_swp.png?interpolation=high-quality&crop=1.0xw:0.90xh;left,top&downsize=200:*
hybrid, 2019 Hyundai Sonata Plug-in Hybrid, 4.4, 39, 154, 34355, 37555, 30064, https://file.kbb.com/kbb/vehicleimage/evoxseo/cp/l/13441/2019-honda-clarity%20plug-in%20hybrid-side_13441_001_640x480_wx.png?interpolation=high-quality&crop=1.0xw:0.90xh;left,top&downsize=200:*
hybrid, 2019 Volvo S90, 4.1, 29, 313, 54395, 75445, 48863, https://file.kbb.com/kbb/vehicleimage/evoxseo/cp/l/12994/2019-bmw-5-series-side_12994_001_640x480_a96.png?interpolation=high-quality&crop=1.0xw:0.90xh;left,top&downsize=200:*
hybrid, 2019 Ford Fusion Energi, 4.1, 42, 141, 36795, 56395, 47309, https://file.kbb.com/kbb/vehicleimage/evoxseo/cp/l/13373/2019-volvo-s60-side_13373_001_640x480_707.png?interpolation=high-quality&crop=1.0xw:0.90xh;left,top&downsize=200:*
hybrid, 2019 Land Rover Range Rover Sport, 4.3, 19, 398, 35490, 35490, 32278, https://file.kbb.com/kbb/vehicleimage/evoxseo/cp/l/13059/2019-ford-fusion%20energi-side_13059_001_640x480_yz.png?interpolation=high-quality&crop=1.0xw:0.90xh;left,top&downsize=200:*
hybrid, 2019 Volvo XC60, 4.3, 26, 313, 23155, 36155, 35048, https://file.kbb.com/kbb/vehicleimage/evoxseo/cp/l/14213/2020-subaru-crosstrek%20hybrid-side_14213_001_640x480_k1x.png?interpolation=high-quality&crop=1.0xw:0.90xh;left,top&downsize=200:*
hybrid, 2019 Mitsubishi Outlander PHEV, 3.5, 25, 117, 49345, 74295, 61597, https://file.kbb.com/kbb/vehicleimage/evoxseo/cp/l/13754/2020-volvo-xc90-side_13754_001_640x480_707.png?interpolation=high-quality&crop=1.0xw:0.90xh;left,top&downsize=200:*
wagon, 2020 Kia Soul, 4.6, 30, 147, 18610, 28610, 21251, https://file.kbb.com/kbb/vehicleimage/evoxseo/cp/l/13587/2020-kia-soul-side_13587_001_640x480_swp.png?interpolation=high-quality&crop=1.0xw:0.90xh;left,top&downsize=200:*
wagon, 2020 Subaru Impreza, 4.3, 31, 152, 20095, 27195, 20350, https://file.kbb.com/kbb/vehicleimage/evoxseo/cp/l/13896/2020-subaru-impreza-side_13896_001_640x480_k1x.png?interpolation=high-quality&crop=1.0xw:0.90xh;left,top&downsize=200:*
wagon, 2019 BMW 3 Series, 4.6, 27, 248, 45995, 45995, 43138, https://file.kbb.com/kbb/vehicleimage/evoxseo/cp/l/13713/2019-bmw-3-series-side_13713_001_640x480_300.png?interpolation=high-quality&crop=1.0xw:0.90xh;left,top&downsize=200:*
wagon, 2019 Kia Niro, 4.4, 49, 104, 24535, 33295, 23226, https://file.kbb.com/kbb/vehicleimage/evoxseo/cp/l/13685/2019-kia-niro-side_13685_001_640x480_swp.png?interpolation=high-quality&crop=1.0xw:0.90xh;left,top&downsize=200:*
wagon, 2019 Kia Niro Plug-in Hybrid, 4.4, 46, 104, 29545, 36245, 31308, https://file.kbb.com/kbb/vehicleimage/evoxseo/cp/l/13734/2019-kia-niro%20plug-in%20hybrid-side_13734_001_640x480_swp.png?interpolation=high-quality&crop=1.0xw:0.90xh;left,top&downsize=200:*
wagon, 2019 Kia Soul EV, 4.3, 108, 109, 39545, 45045, 42432, https://file.kbb.com/kbb/vehicleimage/evoxseo/cp/l/13779/2019-kia-niro%20ev-side_13779_001_640x480_swp.png?interpolation=high-quality&crop=1.0xw:0.90xh;left,top&downsize=200:*
wagon, 2019 Volkswagen Golf Alltrack, 4.2, 24, 168, 34945, 36945, 35097, https://file.kbb.com/kbb/vehicleimage/evoxseo/cp/l/13062/2019-kia-soul%20ev-side_13062_001_640x480_aat.png?interpolation=high-quality&crop=1.0xw:0.90xh;left,top&downsize=200:*
wagon, 2019 Volkswagen Golf SportWagen, 4.1, 24, 168, 27790, 35890, 30398, https://file.kbb.com/kbb/vehicleimage/evoxseo/cp/l/13551/2019-volkswagen-golf%20alltrack-side_13551_001_640x480_0q0q.png?interpolation=high-quality&crop=1.0xw:0.90xh;left,top&downsize=200:*
wagon, 2020 Mercedes-Benz E-Class, 4.7, 22, 362, 22790, 30890, 22238, https://file.kbb.com/kbb/vehicleimage/evoxseo/cp/l/13439/2019-volkswagen-golf%20sportwagen-side_13439_001_640x480_0q0q.png?interpolation=high-quality&crop=1.0xw:0.90xh;left,top&downsize=200:*
wagon, 2019 Mercedes-Benz Mercedes-AMG E-Class, 4.7, 18, 603, 39895, 50395, 44287, https://file.kbb.com/kbb/images/icons/no-image-te/640x480.png?interpolation=high-quality&downsize=200:*
wagon, 2019 Audi A4 allroad, 4.5, 25, 248, 67095, 67095, 63767, https://file.kbb.com/kbb/vehicleimage/evoxseo/cp/l/13082/2019-mercedes-benz-e-class-side_13082_001_640x480_799.png?interpolation=high-quality&crop=1.0xw:0.90xh;left,top&downsize=200:*
wagon, 2019 Volvo V90, 4.3, 25, 316, 109775, 109775, 101355, https://file.kbb.com/kbb/vehicleimage/evoxseo/cp/l/12590/2018-mercedes-benz-e-class-side_12590_001_640x480_799.png?interpolation=high-quality&crop=1.0xw:0.90xh;left,top&downsize=200:*
